2026-05-27 10:34:01.205 [background-preinit] INFO  org.hibernate.validator.internal.util.Version - HV000001: Hibernate Validator 6.2.5.Final 
2026-05-27 10:34:01.211 [restartedMain] INFO  i.c.platform.thermometer.IoTThermometerApplication - Starting IoTThermometerApplication using Java 1.8.0_432 on Rozenn with PID 15736 (D:\ZK\Cloud\PTProject\iot-thermometer-init\target\classes started by Rozenn03 in D:\ZK\Cloud\PTProject\iot-thermometer-init) 
2026-05-27 10:34:01.212 [restartedMain] INFO  i.c.platform.thermometer.IoTThermometerApplication - No active profile set, falling back to 1 default profile: "default" 
2026-05-27 10:34:01.260 [restartedMain] INFO  o.s.b.d.env.DevToolsPropertyDefaultsPostProcessor - Devtools property defaults active! Set 'spring.devtools.add-properties' to 'false' to disable 
2026-05-27 10:34:01.260 [restartedMain] INFO  o.s.b.d.env.DevToolsPropertyDefaultsPostProcessor - For additional web related logging consider setting the 'logging.level.web' property to 'DEBUG' 
2026-05-27 10:34:02.032 [restartedMain] INFO  o.s.i.c.DefaultConfiguringBeanFactoryPostProcessor - No bean named 'errorChannel' has been explicitly defined. Therefore, a default PublishSubscribeChannel will be created. 
2026-05-27 10:34:02.047 [restartedMain] INFO  o.s.i.c.DefaultConfiguringBeanFactoryPostProcessor - No bean named 'integrationHeaderChannelRegistry' has been explicitly defined. Therefore, a default DefaultHeaderChannelRegistry will be created. 
2026-05-27 10:34:02.363 [restartedMain] INFO  o.s.c.s.PostProcessorRegistrationDelegate$BeanPostProcessorChecker - Bean 'org.springframework.integration.config.IntegrationManagementConfiguration' of type [org.springframework.integration.config.IntegrationManagementConfiguration] is not eligible for getting processed by all BeanPostProcessors (for example: not eligible for auto-proxying) 
2026-05-27 10:34:02.374 [restartedMain] INFO  o.s.c.s.PostProcessorRegistrationDelegate$BeanPostProcessorChecker - Bean 'integrationChannelResolver' of type [org.springframework.integration.support.channel.BeanFactoryChannelResolver] is not eligible for getting processed by all BeanPostProcessors (for example: not eligible for auto-proxying) 
2026-05-27 10:34:02.972 [restartedMain] INFO  o.s.boot.web.embedded.tomcat.TomcatWebServer - Tomcat initialized with port(s): 8100 (http) 
2026-05-27 10:34:02.981 [restartedMain] INFO  org.apache.coyote.http11.Http11NioProtocol - Initializing ProtocolHandler ["http-nio-8100"] 
2026-05-27 10:34:02.982 [restartedMain] INFO  org.apache.catalina.core.StandardService - Starting service [Tomcat] 
2026-05-27 10:34:02.982 [restartedMain] INFO  org.apache.catalina.core.StandardEngine - Starting Servlet engine: [Apache Tomcat/9.0.69] 
2026-05-27 10:34:03.051 [restartedMain] INFO  o.a.c.core.ContainerBase.[Tomcat].[localhost].[/] - Initializing Spring embedded WebApplicationContext 
2026-05-27 10:34:03.052 [restartedMain] INFO  o.s.b.w.s.c.ServletWebServerApplicationContext - Root WebApplicationContext: initialization completed in 1792 ms 
2026-05-27 10:34:03.598 [restartedMain] INFO  iot.cloud.platform.thermometer.config.MqttConfig - 创建mqtt客户端ID:thermometer001 
2026-05-27 10:34:03.622 [restartedMain] INFO  com.zaxxer.hikari.HikariDataSource - HikariPool-1 - Starting... 
2026-05-27 10:34:03.759 [restartedMain] INFO  com.zaxxer.hikari.HikariDataSource - HikariPool-1 - Start completed. 
2026-05-27 10:34:03.799 [restartedMain] INFO  iot.cloud.platform.thermometer.config.MqttConfig - 加入订阅主题->/iot/cloud/devices/post_reply (qos=1) 
2026-05-27 10:34:03.799 [restartedMain] INFO  iot.cloud.platform.thermometer.config.MqttConfig - 加入订阅主题->/iot/cloud/devices/receive (qos=1) 
2026-05-27 10:34:03.803 [restartedMain] INFO  iot.cloud.platform.thermometer.config.MqttConfig - 接收主题->/iot/cloud/devices/receive 响应主题->/iot/cloud/devices/receive_reply 
2026-05-27 10:34:04.277 [restartedMain] INFO  o.s.b.d.autoconfigure.OptionalLiveReloadServer - LiveReload server is running on port 35729 
2026-05-27 10:34:04.427 [restartedMain] INFO  o.s.integration.endpoint.EventDrivenConsumer - Adding {logging-channel-adapter:_org.springframework.integration.errorLogger} as a subscriber to the 'errorChannel' channel 
2026-05-27 10:34:04.429 [restartedMain] INFO  o.s.integration.channel.PublishSubscribeChannel - Channel 'application.errorChannel' has 1 subscriber(s). 
2026-05-27 10:34:04.430 [restartedMain] INFO  o.s.integration.endpoint.EventDrivenConsumer - started bean '_org.springframework.integration.errorLogger' 
2026-05-27 10:34:04.430 [restartedMain] INFO  org.apache.coyote.http11.Http11NioProtocol - Starting ProtocolHandler ["http-nio-8100"] 
2026-05-27 10:34:04.454 [restartedMain] INFO  o.s.boot.web.embedded.tomcat.TomcatWebServer - Tomcat started on port(s): 8100 (http) with context path '' 
2026-05-27 10:34:04.467 [restartedMain] INFO  i.c.platform.thermometer.IoTThermometerApplication - Started IoTThermometerApplication in 3.642 seconds (JVM running for 4.112) 
2026-05-27 10:34:04.469 [restartedMain] INFO  iot.cloud.platform.thermometer.mqtt.MqttConsumer - 初始化并启动mqtt...... 
2026-05-27 10:34:08.549 [restartedMain] INFO  iot.cloud.platform.thermometer.mqtt.MqttConsumer - mqtt连接异常：org.eclipse.paho.client.mqttv3.internal.TCPNetworkModule.start(TCPNetworkModule.java:80)
org.eclipse.paho.client.mqttv3.internal.ClientComms$ConnectBG.run(ClientComms.java:724)
java.lang.Thread.run(Thread.java:750)
 
2026-05-27 10:34:08.551 [restartedMain] INFO  i.c.platform.thermometer.IoTThermometerApplication - http://localhost:8100/ 
2026-05-27 10:34:10.898 [http-nio-8100-exec-1] INFO  o.a.c.core.ContainerBase.[Tomcat].[localhost].[/] - Initializing Spring DispatcherServlet 'dispatcherServlet' 
2026-05-27 10:34:10.899 [http-nio-8100-exec-1] INFO  org.springframework.web.servlet.DispatcherServlet - Initializing Servlet 'dispatcherServlet' 
2026-05-27 10:34:10.899 [http-nio-8100-exec-1] INFO  org.springframework.web.servlet.DispatcherServlet - Completed initialization in 0 ms 
2026-05-27 10:36:51.468 [SpringApplicationShutdownHook] INFO  o.s.integration.endpoint.EventDrivenConsumer - Removing {logging-channel-adapter:_org.springframework.integration.errorLogger} as a subscriber to the 'errorChannel' channel 
2026-05-27 10:36:51.468 [SpringApplicationShutdownHook] INFO  o.s.integration.channel.PublishSubscribeChannel - Channel 'application.errorChannel' has 0 subscriber(s). 
2026-05-27 10:36:51.468 [SpringApplicationShutdownHook] INFO  o.s.integration.endpoint.EventDrivenConsumer - stopped bean '_org.springframework.integration.errorLogger' 
2026-05-27 10:36:51.471 [SpringApplicationShutdownHook] INFO  com.zaxxer.hikari.HikariDataSource - HikariPool-1 - Shutdown initiated... 
2026-05-27 10:36:51.477 [SpringApplicationShutdownHook] INFO  com.zaxxer.hikari.HikariDataSource - HikariPool-1 - Shutdown completed. 
2026-05-27 10:49:42.836 [background-preinit] INFO  org.hibernate.validator.internal.util.Version - HV000001: Hibernate Validator 6.2.5.Final 
2026-05-27 10:49:42.844 [restartedMain] INFO  i.c.platform.thermometer.IoTThermometerApplication - Starting IoTThermometerApplication using Java 1.8.0_432 on Rozenn with PID 21824 (D:\ZK\Cloud\PTProject\iot-thermometer-init\target\classes started by Rozenn03 in D:\ZK\Cloud\PTProject\iot-thermometer-init) 
2026-05-27 10:49:42.844 [restartedMain] INFO  i.c.platform.thermometer.IoTThermometerApplication - No active profile set, falling back to 1 default profile: "default" 
2026-05-27 10:49:42.889 [restartedMain] INFO  o.s.b.d.env.DevToolsPropertyDefaultsPostProcessor - Devtools property defaults active! Set 'spring.devtools.add-properties' to 'false' to disable 
2026-05-27 10:49:42.889 [restartedMain] INFO  o.s.b.d.env.DevToolsPropertyDefaultsPostProcessor - For additional web related logging consider setting the 'logging.level.web' property to 'DEBUG' 
2026-05-27 10:49:43.691 [restartedMain] INFO  o.s.i.c.DefaultConfiguringBeanFactoryPostProcessor - No bean named 'errorChannel' has been explicitly defined. Therefore, a default PublishSubscribeChannel will be created. 
2026-05-27 10:49:43.705 [restartedMain] INFO  o.s.i.c.DefaultConfiguringBeanFactoryPostProcessor - No bean named 'integrationHeaderChannelRegistry' has been explicitly defined. Therefore, a default DefaultHeaderChannelRegistry will be created. 
2026-05-27 10:49:44.018 [restartedMain] INFO  o.s.c.s.PostProcessorRegistrationDelegate$BeanPostProcessorChecker - Bean 'org.springframework.integration.config.IntegrationManagementConfiguration' of type [org.springframework.integration.config.IntegrationManagementConfiguration] is not eligible for getting processed by all BeanPostProcessors (for example: not eligible for auto-proxying) 
2026-05-27 10:49:44.028 [restartedMain] INFO  o.s.c.s.PostProcessorRegistrationDelegate$BeanPostProcessorChecker - Bean 'integrationChannelResolver' of type [org.springframework.integration.support.channel.BeanFactoryChannelResolver] is not eligible for getting processed by all BeanPostProcessors (for example: not eligible for auto-proxying) 
2026-05-27 10:49:44.615 [restartedMain] INFO  o.s.boot.web.embedded.tomcat.TomcatWebServer - Tomcat initialized with port(s): 8100 (http) 
2026-05-27 10:49:44.625 [restartedMain] INFO  org.apache.coyote.http11.Http11NioProtocol - Initializing ProtocolHandler ["http-nio-8100"] 
2026-05-27 10:49:44.626 [restartedMain] INFO  org.apache.catalina.core.StandardService - Starting service [Tomcat] 
2026-05-27 10:49:44.626 [restartedMain] INFO  org.apache.catalina.core.StandardEngine - Starting Servlet engine: [Apache Tomcat/9.0.69] 
2026-05-27 10:49:44.685 [restartedMain] INFO  o.a.c.core.ContainerBase.[Tomcat].[localhost].[/] - Initializing Spring embedded WebApplicationContext 
2026-05-27 10:49:44.685 [restartedMain] INFO  o.s.b.w.s.c.ServletWebServerApplicationContext - Root WebApplicationContext: initialization completed in 1795 ms 
2026-05-27 10:49:45.269 [restartedMain] INFO  iot.cloud.platform.thermometer.config.MqttConfig - 创建mqtt客户端ID:thermometer001 
2026-05-27 10:49:45.295 [restartedMain] INFO  com.zaxxer.hikari.HikariDataSource - HikariPool-1 - Starting... 
2026-05-27 10:49:45.431 [restartedMain] INFO  com.zaxxer.hikari.HikariDataSource - HikariPool-1 - Start completed. 
2026-05-27 10:49:45.471 [restartedMain] INFO  iot.cloud.platform.thermometer.config.MqttConfig - 加入订阅主题->/iot/cloud/devices/post_reply (qos=1) 
2026-05-27 10:49:45.471 [restartedMain] INFO  iot.cloud.platform.thermometer.config.MqttConfig - 加入订阅主题->/iot/cloud/devices/receive (qos=1) 
2026-05-27 10:49:45.474 [restartedMain] INFO  iot.cloud.platform.thermometer.config.MqttConfig - 接收主题->/iot/cloud/devices/receive 响应主题->/iot/cloud/devices/receive_reply 
2026-05-27 10:49:45.970 [restartedMain] INFO  o.s.b.d.autoconfigure.OptionalLiveReloadServer - LiveReload server is running on port 35729 
2026-05-27 10:49:46.114 [restartedMain] INFO  o.s.integration.endpoint.EventDrivenConsumer - Adding {logging-channel-adapter:_org.springframework.integration.errorLogger} as a subscriber to the 'errorChannel' channel 
2026-05-27 10:49:46.114 [restartedMain] INFO  o.s.integration.channel.PublishSubscribeChannel - Channel 'application.errorChannel' has 1 subscriber(s). 
2026-05-27 10:49:46.116 [restartedMain] INFO  o.s.integration.endpoint.EventDrivenConsumer - started bean '_org.springframework.integration.errorLogger' 
2026-05-27 10:49:46.116 [restartedMain] INFO  org.apache.coyote.http11.Http11NioProtocol - Starting ProtocolHandler ["http-nio-8100"] 
2026-05-27 10:49:46.142 [restartedMain] INFO  o.s.boot.web.embedded.tomcat.TomcatWebServer - Tomcat started on port(s): 8100 (http) with context path '' 
2026-05-27 10:49:46.154 [restartedMain] INFO  i.c.platform.thermometer.IoTThermometerApplication - Started IoTThermometerApplication in 3.713 seconds (JVM running for 4.189) 
2026-05-27 10:49:46.156 [restartedMain] INFO  iot.cloud.platform.thermometer.mqtt.MqttConsumer - 初始化并启动mqtt...... 
2026-05-27 10:49:50.212 [restartedMain] INFO  iot.cloud.platform.thermometer.mqtt.MqttConsumer - mqtt连接异常：org.eclipse.paho.client.mqttv3.internal.TCPNetworkModule.start(TCPNetworkModule.java:80)
org.eclipse.paho.client.mqttv3.internal.ClientComms$ConnectBG.run(ClientComms.java:724)
java.lang.Thread.run(Thread.java:750)
 
2026-05-27 10:49:50.214 [restartedMain] INFO  i.c.platform.thermometer.IoTThermometerApplication - http://localhost:8100/ 
2026-05-27 10:49:51.184 [http-nio-8100-exec-1] INFO  o.a.c.core.ContainerBase.[Tomcat].[localhost].[/] - Initializing Spring DispatcherServlet 'dispatcherServlet' 
2026-05-27 10:49:51.184 [http-nio-8100-exec-1] INFO  org.springframework.web.servlet.DispatcherServlet - Initializing Servlet 'dispatcherServlet' 
2026-05-27 10:49:51.186 [http-nio-8100-exec-1] INFO  org.springframework.web.servlet.DispatcherServlet - Completed initialization in 2 ms 
2026-05-27 10:50:16.597 [SpringApplicationShutdownHook] INFO  o.s.integration.endpoint.EventDrivenConsumer - Removing {logging-channel-adapter:_org.springframework.integration.errorLogger} as a subscriber to the 'errorChannel' channel 
2026-05-27 10:50:16.597 [SpringApplicationShutdownHook] INFO  o.s.integration.channel.PublishSubscribeChannel - Channel 'application.errorChannel' has 0 subscriber(s). 
2026-05-27 10:50:16.598 [SpringApplicationShutdownHook] INFO  o.s.integration.endpoint.EventDrivenConsumer - stopped bean '_org.springframework.integration.errorLogger' 
2026-05-27 10:50:16.601 [SpringApplicationShutdownHook] INFO  com.zaxxer.hikari.HikariDataSource - HikariPool-1 - Shutdown initiated... 
2026-05-27 10:50:16.610 [SpringApplicationShutdownHook] INFO  com.zaxxer.hikari.HikariDataSource - HikariPool-1 - Shutdown completed. 
2026-05-27 11:23:05.070 [background-preinit] INFO  org.hibernate.validator.internal.util.Version - HV000001: Hibernate Validator 6.2.5.Final 
2026-05-27 11:23:05.075 [restartedMain] INFO  i.c.platform.thermometer.IoTThermometerApplication - Starting IoTThermometerApplication using Java 1.8.0_432 on Rozenn with PID 22368 (D:\ZK\Cloud\PTProject\iot-thermometer-init\target\classes started by Rozenn03 in D:\ZK\Cloud\PTProject\iot-thermometer-init) 
2026-05-27 11:23:05.076 [restartedMain] INFO  i.c.platform.thermometer.IoTThermometerApplication - No active profile set, falling back to 1 default profile: "default" 
2026-05-27 11:23:05.123 [restartedMain] INFO  o.s.b.d.env.DevToolsPropertyDefaultsPostProcessor - Devtools property defaults active! Set 'spring.devtools.add-properties' to 'false' to disable 
2026-05-27 11:23:05.123 [restartedMain] INFO  o.s.b.d.env.DevToolsPropertyDefaultsPostProcessor - For additional web related logging consider setting the 'logging.level.web' property to 'DEBUG' 
2026-05-27 11:23:05.850 [restartedMain] INFO  o.s.i.c.DefaultConfiguringBeanFactoryPostProcessor - No bean named 'errorChannel' has been explicitly defined. Therefore, a default PublishSubscribeChannel will be created. 
2026-05-27 11:23:05.862 [restartedMain] INFO  o.s.i.c.DefaultConfiguringBeanFactoryPostProcessor - No bean named 'integrationHeaderChannelRegistry' has been explicitly defined. Therefore, a default DefaultHeaderChannelRegistry will be created. 
2026-05-27 11:23:06.127 [restartedMain] INFO  o.s.c.s.PostProcessorRegistrationDelegate$BeanPostProcessorChecker - Bean 'org.springframework.integration.config.IntegrationManagementConfiguration' of type [org.springframework.integration.config.IntegrationManagementConfiguration] is not eligible for getting processed by all BeanPostProcessors (for example: not eligible for auto-proxying) 
2026-05-27 11:23:06.137 [restartedMain] INFO  o.s.c.s.PostProcessorRegistrationDelegate$BeanPostProcessorChecker - Bean 'integrationChannelResolver' of type [org.springframework.integration.support.channel.BeanFactoryChannelResolver] is not eligible for getting processed by all BeanPostProcessors (for example: not eligible for auto-proxying) 
2026-05-27 11:23:06.692 [restartedMain] INFO  o.s.boot.web.embedded.tomcat.TomcatWebServer - Tomcat initialized with port(s): 8100 (http) 
2026-05-27 11:23:06.701 [restartedMain] INFO  org.apache.coyote.http11.Http11NioProtocol - Initializing ProtocolHandler ["http-nio-8100"] 
2026-05-27 11:23:06.702 [restartedMain] INFO  org.apache.catalina.core.StandardService - Starting service [Tomcat] 
2026-05-27 11:23:06.702 [restartedMain] INFO  org.apache.catalina.core.StandardEngine - Starting Servlet engine: [Apache Tomcat/9.0.69] 
2026-05-27 11:23:06.767 [restartedMain] INFO  o.a.c.core.ContainerBase.[Tomcat].[localhost].[/] - Initializing Spring embedded WebApplicationContext 
2026-05-27 11:23:06.768 [restartedMain] INFO  o.s.b.w.s.c.ServletWebServerApplicationContext - Root WebApplicationContext: initialization completed in 1644 ms 
2026-05-27 11:23:07.320 [restartedMain] INFO  iot.cloud.platform.thermometer.config.MqttConfig - 创建mqtt客户端ID:thermometer001 
2026-05-27 11:23:07.343 [restartedMain] INFO  com.zaxxer.hikari.HikariDataSource - HikariPool-1 - Starting... 
2026-05-27 11:23:07.475 [restartedMain] INFO  com.zaxxer.hikari.HikariDataSource - HikariPool-1 - Start completed. 
2026-05-27 11:23:07.513 [restartedMain] INFO  iot.cloud.platform.thermometer.config.MqttConfig - 加入订阅主题->/iot/cloud/devices/post_reply (qos=1) 
2026-05-27 11:23:07.513 [restartedMain] INFO  iot.cloud.platform.thermometer.config.MqttConfig - 加入订阅主题->/iot/cloud/devices/receive (qos=1) 
2026-05-27 11:23:07.517 [restartedMain] INFO  iot.cloud.platform.thermometer.config.MqttConfig - 接收主题->/iot/cloud/devices/receive 响应主题->/iot/cloud/devices/receive_reply 
2026-05-27 11:23:07.937 [restartedMain] INFO  o.s.b.d.autoconfigure.OptionalLiveReloadServer - LiveReload server is running on port 35729 
2026-05-27 11:23:08.076 [restartedMain] INFO  o.s.integration.endpoint.EventDrivenConsumer - Adding {logging-channel-adapter:_org.springframework.integration.errorLogger} as a subscriber to the 'errorChannel' channel 
2026-05-27 11:23:08.076 [restartedMain] INFO  o.s.integration.channel.PublishSubscribeChannel - Channel 'application.errorChannel' has 1 subscriber(s). 
2026-05-27 11:23:08.076 [restartedMain] INFO  o.s.integration.endpoint.EventDrivenConsumer - started bean '_org.springframework.integration.errorLogger' 
2026-05-27 11:23:08.077 [restartedMain] INFO  org.apache.coyote.http11.Http11NioProtocol - Starting ProtocolHandler ["http-nio-8100"] 
2026-05-27 11:23:08.101 [restartedMain] INFO  o.s.boot.web.embedded.tomcat.TomcatWebServer - Tomcat started on port(s): 8100 (http) with context path '' 
2026-05-27 11:23:08.113 [restartedMain] INFO  i.c.platform.thermometer.IoTThermometerApplication - Started IoTThermometerApplication in 3.387 seconds (JVM running for 3.871) 
2026-05-27 11:23:08.116 [restartedMain] INFO  iot.cloud.platform.thermometer.mqtt.MqttConsumer - 初始化并启动mqtt...... 
2026-05-27 11:23:12.200 [restartedMain] INFO  iot.cloud.platform.thermometer.mqtt.MqttConsumer - mqtt连接异常：org.eclipse.paho.client.mqttv3.internal.TCPNetworkModule.start(TCPNetworkModule.java:80)
org.eclipse.paho.client.mqttv3.internal.ClientComms$ConnectBG.run(ClientComms.java:724)
java.lang.Thread.run(Thread.java:750)
 
2026-05-27 11:23:12.201 [restartedMain] INFO  i.c.platform.thermometer.IoTThermometerApplication - http://localhost:8100/ 
2026-05-27 11:23:13.304 [http-nio-8100-exec-1] INFO  o.a.c.core.ContainerBase.[Tomcat].[localhost].[/] - Initializing Spring DispatcherServlet 'dispatcherServlet' 
2026-05-27 11:23:13.304 [http-nio-8100-exec-1] INFO  org.springframework.web.servlet.DispatcherServlet - Initializing Servlet 'dispatcherServlet' 
2026-05-27 11:23:13.305 [http-nio-8100-exec-1] INFO  org.springframework.web.servlet.DispatcherServlet - Completed initialization in 1 ms 
2026-05-27 11:23:48.105 [SpringApplicationShutdownHook] INFO  o.s.integration.endpoint.EventDrivenConsumer - Removing {logging-channel-adapter:_org.springframework.integration.errorLogger} as a subscriber to the 'errorChannel' channel 
2026-05-27 11:23:48.105 [SpringApplicationShutdownHook] INFO  o.s.integration.channel.PublishSubscribeChannel - Channel 'application.errorChannel' has 0 subscriber(s). 
2026-05-27 11:23:48.107 [SpringApplicationShutdownHook] INFO  o.s.integration.endpoint.EventDrivenConsumer - stopped bean '_org.springframework.integration.errorLogger' 
2026-05-27 11:23:48.110 [SpringApplicationShutdownHook] INFO  com.zaxxer.hikari.HikariDataSource - HikariPool-1 - Shutdown initiated... 
2026-05-27 11:23:48.132 [SpringApplicationShutdownHook] INFO  com.zaxxer.hikari.HikariDataSource - HikariPool-1 - Shutdown completed. 
2026-05-27 11:33:17.629 [background-preinit] INFO  org.hibernate.validator.internal.util.Version - HV000001: Hibernate Validator 6.2.5.Final 
2026-05-27 11:33:17.633 [restartedMain] INFO  i.c.platform.thermometer.IoTThermometerApplication - Starting IoTThermometerApplication using Java 1.8.0_432 on Rozenn with PID 20040 (D:\ZK\Cloud\PTProject\iot-thermometer-init\target\classes started by Rozenn03 in D:\ZK\Cloud\PTProject\iot-thermometer-init) 
2026-05-27 11:33:17.634 [restartedMain] INFO  i.c.platform.thermometer.IoTThermometerApplication - No active profile set, falling back to 1 default profile: "default" 
2026-05-27 11:33:17.678 [restartedMain] INFO  o.s.b.d.env.DevToolsPropertyDefaultsPostProcessor - Devtools property defaults active! Set 'spring.devtools.add-properties' to 'false' to disable 
2026-05-27 11:33:17.678 [restartedMain] INFO  o.s.b.d.env.DevToolsPropertyDefaultsPostProcessor - For additional web related logging consider setting the 'logging.level.web' property to 'DEBUG' 
2026-05-27 11:33:18.433 [restartedMain] INFO  o.s.i.c.DefaultConfiguringBeanFactoryPostProcessor - No bean named 'errorChannel' has been explicitly defined. Therefore, a default PublishSubscribeChannel will be created. 
2026-05-27 11:33:18.447 [restartedMain] INFO  o.s.i.c.DefaultConfiguringBeanFactoryPostProcessor - No bean named 'integrationHeaderChannelRegistry' has been explicitly defined. Therefore, a default DefaultHeaderChannelRegistry will be created. 
2026-05-27 11:33:18.693 [restartedMain] INFO  o.s.c.s.PostProcessorRegistrationDelegate$BeanPostProcessorChecker - Bean 'org.springframework.integration.config.IntegrationManagementConfiguration' of type [org.springframework.integration.config.IntegrationManagementConfiguration] is not eligible for getting processed by all BeanPostProcessors (for example: not eligible for auto-proxying) 
2026-05-27 11:33:18.703 [restartedMain] INFO  o.s.c.s.PostProcessorRegistrationDelegate$BeanPostProcessorChecker - Bean 'integrationChannelResolver' of type [org.springframework.integration.support.channel.BeanFactoryChannelResolver] is not eligible for getting processed by all BeanPostProcessors (for example: not eligible for auto-proxying) 
2026-05-27 11:33:19.248 [restartedMain] INFO  o.s.boot.web.embedded.tomcat.TomcatWebServer - Tomcat initialized with port(s): 8100 (http) 
2026-05-27 11:33:19.258 [restartedMain] INFO  org.apache.coyote.http11.Http11NioProtocol - Initializing ProtocolHandler ["http-nio-8100"] 
2026-05-27 11:33:19.258 [restartedMain] INFO  org.apache.catalina.core.StandardService - Starting service [Tomcat] 
2026-05-27 11:33:19.258 [restartedMain] INFO  org.apache.catalina.core.StandardEngine - Starting Servlet engine: [Apache Tomcat/9.0.69] 
2026-05-27 11:33:19.325 [restartedMain] INFO  o.a.c.core.ContainerBase.[Tomcat].[localhost].[/] - Initializing Spring embedded WebApplicationContext 
2026-05-27 11:33:19.325 [restartedMain] INFO  o.s.b.w.s.c.ServletWebServerApplicationContext - Root WebApplicationContext: initialization completed in 1646 ms 
2026-05-27 11:33:19.818 [restartedMain] INFO  iot.cloud.platform.thermometer.config.MqttConfig - 创建mqtt客户端ID:thermometer001 
2026-05-27 11:33:19.841 [restartedMain] INFO  com.zaxxer.hikari.HikariDataSource - HikariPool-1 - Starting... 
2026-05-27 11:33:19.976 [restartedMain] INFO  com.zaxxer.hikari.HikariDataSource - HikariPool-1 - Start completed. 
2026-05-27 11:33:20.020 [restartedMain] INFO  iot.cloud.platform.thermometer.config.MqttConfig - 加入订阅主题->/iot/cloud/devices/post_reply (qos=1) 
2026-05-27 11:33:20.020 [restartedMain] INFO  iot.cloud.platform.thermometer.config.MqttConfig - 加入订阅主题->/iot/cloud/devices/receive (qos=1) 
2026-05-27 11:33:20.025 [restartedMain] INFO  iot.cloud.platform.thermometer.config.MqttConfig - 接收主题->/iot/cloud/devices/receive 响应主题->/iot/cloud/devices/receive_reply 
2026-05-27 11:33:20.498 [restartedMain] INFO  o.s.b.d.autoconfigure.OptionalLiveReloadServer - LiveReload server is running on port 35729 
2026-05-27 11:33:20.651 [restartedMain] INFO  o.s.integration.endpoint.EventDrivenConsumer - Adding {logging-channel-adapter:_org.springframework.integration.errorLogger} as a subscriber to the 'errorChannel' channel 
2026-05-27 11:33:20.651 [restartedMain] INFO  o.s.integration.channel.PublishSubscribeChannel - Channel 'application.errorChannel' has 1 subscriber(s). 
2026-05-27 11:33:20.652 [restartedMain] INFO  o.s.integration.endpoint.EventDrivenConsumer - started bean '_org.springframework.integration.errorLogger' 
2026-05-27 11:33:20.652 [restartedMain] INFO  org.apache.coyote.http11.Http11NioProtocol - Starting ProtocolHandler ["http-nio-8100"] 
2026-05-27 11:33:20.678 [restartedMain] INFO  o.s.boot.web.embedded.tomcat.TomcatWebServer - Tomcat started on port(s): 8100 (http) with context path '' 
2026-05-27 11:33:20.691 [restartedMain] INFO  i.c.platform.thermometer.IoTThermometerApplication - Started IoTThermometerApplication in 3.377 seconds (JVM running for 3.802) 
2026-05-27 11:33:20.694 [restartedMain] INFO  iot.cloud.platform.thermometer.mqtt.MqttConsumer - 初始化并启动mqtt...... 
2026-05-27 11:33:24.785 [restartedMain] INFO  iot.cloud.platform.thermometer.mqtt.MqttConsumer - mqtt连接异常：org.eclipse.paho.client.mqttv3.internal.TCPNetworkModule.start(TCPNetworkModule.java:80)
org.eclipse.paho.client.mqttv3.internal.ClientComms$ConnectBG.run(ClientComms.java:724)
java.lang.Thread.run(Thread.java:750)
 
2026-05-27 11:33:24.787 [restartedMain] INFO  i.c.platform.thermometer.IoTThermometerApplication - http://localhost:8100/ 
2026-05-27 11:34:59.644 [http-nio-8100-exec-1] INFO  o.a.c.core.ContainerBase.[Tomcat].[localhost].[/] - Initializing Spring DispatcherServlet 'dispatcherServlet' 
2026-05-27 11:34:59.644 [http-nio-8100-exec-1] INFO  org.springframework.web.servlet.DispatcherServlet - Initializing Servlet 'dispatcherServlet' 
2026-05-27 11:34:59.646 [http-nio-8100-exec-1] INFO  org.springframework.web.servlet.DispatcherServlet - Completed initialization in 2 ms 
2026-05-27 11:58:52.196 [File Watcher] INFO  o.s.b.d.a.LocalDevToolsAutoConfiguration$RestartingClassPathChangeChangedEventListener - Restarting due to 38 class path changes (0 additions, 0 deletions, 38 modifications) 
2026-05-27 11:58:52.444 [Thread-6] INFO  org.apache.coyote.http11.Http11NioProtocol - Pausing ProtocolHandler ["http-nio-8100"] 
2026-05-27 11:58:52.444 [Thread-6] INFO  org.apache.catalina.core.StandardService - Stopping service [Tomcat] 
2026-05-27 11:58:52.449 [Thread-6] INFO  o.a.c.core.ContainerBase.[Tomcat].[localhost].[/] - Destroying Spring FrameworkServlet 'dispatcherServlet' 
2026-05-27 11:58:52.454 [Thread-6] INFO  org.apache.coyote.http11.Http11NioProtocol - Stopping ProtocolHandler ["http-nio-8100"] 
2026-05-27 11:58:52.459 [Thread-6] INFO  org.apache.coyote.http11.Http11NioProtocol - Destroying ProtocolHandler ["http-nio-8100"] 
2026-05-27 11:58:52.461 [Thread-6] INFO  o.s.integration.endpoint.EventDrivenConsumer - Removing {logging-channel-adapter:_org.springframework.integration.errorLogger} as a subscriber to the 'errorChannel' channel 
2026-05-27 11:58:52.461 [Thread-6] INFO  o.s.integration.channel.PublishSubscribeChannel - Channel 'application.errorChannel' has 0 subscriber(s). 
2026-05-27 11:58:52.462 [Thread-6] INFO  o.s.integration.endpoint.EventDrivenConsumer - stopped bean '_org.springframework.integration.errorLogger' 
2026-05-27 11:58:52.470 [Thread-6] INFO  com.zaxxer.hikari.HikariDataSource - HikariPool-1 - Shutdown initiated... 
2026-05-27 11:58:52.485 [Thread-6] INFO  com.zaxxer.hikari.HikariDataSource - HikariPool-1 - Shutdown completed. 
2026-05-27 11:58:52.724 [restartedMain] INFO  i.c.platform.thermometer.IoTThermometerApplication - Starting IoTThermometerApplication using Java 1.8.0_432 on Rozenn with PID 20040 (D:\ZK\Cloud\PTProject\iot-thermometer-init\target\classes started by Rozenn03 in D:\ZK\Cloud\PTProject\iot-thermometer-init) 
2026-05-27 11:58:52.725 [restartedMain] INFO  i.c.platform.thermometer.IoTThermometerApplication - No active profile set, falling back to 1 default profile: "default" 
2026-05-27 11:58:53.169 [restartedMain] INFO  o.s.i.c.DefaultConfiguringBeanFactoryPostProcessor - No bean named 'errorChannel' has been explicitly defined. Therefore, a default PublishSubscribeChannel will be created. 
2026-05-27 11:58:53.169 [restartedMain] INFO  o.s.i.c.DefaultConfiguringBeanFactoryPostProcessor - No bean named 'integrationHeaderChannelRegistry' has been explicitly defined. Therefore, a default DefaultHeaderChannelRegistry will be created. 
2026-05-27 11:58:53.256 [restartedMain] INFO  o.s.c.s.PostProcessorRegistrationDelegate$BeanPostProcessorChecker - Bean 'org.springframework.integration.config.IntegrationManagementConfiguration' of type [org.springframework.integration.config.IntegrationManagementConfiguration] is not eligible for getting processed by all BeanPostProcessors (for example: not eligible for auto-proxying) 
2026-05-27 11:58:53.260 [restartedMain] INFO  o.s.c.s.PostProcessorRegistrationDelegate$BeanPostProcessorChecker - Bean 'integrationChannelResolver' of type [org.springframework.integration.support.channel.BeanFactoryChannelResolver] is not eligible for getting processed by all BeanPostProcessors (for example: not eligible for auto-proxying) 
2026-05-27 11:58:53.463 [restartedMain] INFO  o.s.boot.web.embedded.tomcat.TomcatWebServer - Tomcat initialized with port(s): 8100 (http) 
2026-05-27 11:58:53.466 [restartedMain] INFO  org.apache.coyote.http11.Http11NioProtocol - Initializing ProtocolHandler ["http-nio-8100"] 
2026-05-27 11:58:53.466 [restartedMain] INFO  org.apache.catalina.core.StandardService - Starting service [Tomcat] 
2026-05-27 11:58:53.467 [restartedMain] INFO  org.apache.catalina.core.StandardEngine - Starting Servlet engine: [Apache Tomcat/9.0.69] 
2026-05-27 11:58:53.523 [restartedMain] INFO  o.a.c.core.ContainerBase.[Tomcat].[localhost].[/] - Initializing Spring embedded WebApplicationContext 
2026-05-27 11:58:53.523 [restartedMain] INFO  o.s.b.w.s.c.ServletWebServerApplicationContext - Root WebApplicationContext: initialization completed in 793 ms 
2026-05-27 11:58:53.754 [restartedMain] INFO  iot.cloud.platform.thermometer.config.MqttConfig - 创建mqtt客户端ID:thermometer001 
2026-05-27 11:58:53.765 [restartedMain] INFO  com.zaxxer.hikari.HikariDataSource - HikariPool-2 - Starting... 
2026-05-27 11:58:53.775 [restartedMain] INFO  com.zaxxer.hikari.HikariDataSource - HikariPool-2 - Start completed. 
2026-05-27 11:58:53.781 [restartedMain] INFO  iot.cloud.platform.thermometer.config.MqttConfig - 加入订阅主题->/iot/cloud/devices/post_reply (qos=1) 
2026-05-27 11:58:53.781 [restartedMain] INFO  iot.cloud.platform.thermometer.config.MqttConfig - 加入订阅主题->/iot/cloud/devices/receive (qos=1) 
2026-05-27 11:58:53.791 [restartedMain] INFO  iot.cloud.platform.thermometer.config.MqttConfig - 接收主题->/iot/cloud/devices/receive 响应主题->/iot/cloud/devices/receive_reply 
2026-05-27 11:58:53.971 [restartedMain] INFO  o.s.b.d.autoconfigure.OptionalLiveReloadServer - LiveReload server is running on port 35729 
2026-05-27 11:58:53.995 [restartedMain] INFO  o.s.integration.endpoint.EventDrivenConsumer - Adding {logging-channel-adapter:_org.springframework.integration.errorLogger} as a subscriber to the 'errorChannel' channel 
2026-05-27 11:58:53.995 [restartedMain] INFO  o.s.integration.channel.PublishSubscribeChannel - Channel 'application.errorChannel' has 1 subscriber(s). 
2026-05-27 11:58:53.995 [restartedMain] INFO  o.s.integration.endpoint.EventDrivenConsumer - started bean '_org.springframework.integration.errorLogger' 
2026-05-27 11:58:53.995 [restartedMain] INFO  org.apache.coyote.http11.Http11NioProtocol - Starting ProtocolHandler ["http-nio-8100"] 
2026-05-27 11:58:53.998 [restartedMain] INFO  o.s.boot.web.embedded.tomcat.TomcatWebServer - Tomcat started on port(s): 8100 (http) with context path '' 
2026-05-27 11:58:54.003 [restartedMain] INFO  i.c.platform.thermometer.IoTThermometerApplication - Started IoTThermometerApplication in 1.346 seconds (JVM running for 1537.113) 
2026-05-27 11:58:54.005 [restartedMain] INFO  iot.cloud.platform.thermometer.mqtt.MqttConsumer - 初始化并启动mqtt...... 
2026-05-27 11:58:58.119 [restartedMain] INFO  iot.cloud.platform.thermometer.mqtt.MqttConsumer - mqtt连接异常：org.eclipse.paho.client.mqttv3.internal.TCPNetworkModule.start(TCPNetworkModule.java:80)
org.eclipse.paho.client.mqttv3.internal.ClientComms$ConnectBG.run(ClientComms.java:724)
java.lang.Thread.run(Thread.java:750)
 
2026-05-27 11:58:58.121 [restartedMain] INFO  o.s.b.d.a.ConditionEvaluationDeltaLoggingListener - Condition evaluation unchanged 
2026-05-27 11:58:58.121 [restartedMain] INFO  i.c.platform.thermometer.IoTThermometerApplication - http://localhost:8100/ 
2026-05-27 11:59:27.936 [File Watcher] INFO  o.s.b.d.a.LocalDevToolsAutoConfiguration$RestartingClassPathChangeChangedEventListener - Restarting due to 1 class path change (0 additions, 0 deletions, 1 modification) 
2026-05-27 11:59:28.230 [Thread-10] INFO  org.apache.coyote.http11.Http11NioProtocol - Pausing ProtocolHandler ["http-nio-8100"] 
2026-05-27 11:59:28.230 [Thread-10] INFO  org.apache.catalina.core.StandardService - Stopping service [Tomcat] 
2026-05-27 11:59:28.234 [Thread-10] INFO  org.apache.coyote.http11.Http11NioProtocol - Stopping ProtocolHandler ["http-nio-8100"] 
2026-05-27 11:59:28.236 [Thread-10] INFO  org.apache.coyote.http11.Http11NioProtocol - Destroying ProtocolHandler ["http-nio-8100"] 
2026-05-27 11:59:28.238 [Thread-10] INFO  o.s.integration.endpoint.EventDrivenConsumer - Removing {logging-channel-adapter:_org.springframework.integration.errorLogger} as a subscriber to the 'errorChannel' channel 
2026-05-27 11:59:28.238 [Thread-10] INFO  o.s.integration.channel.PublishSubscribeChannel - Channel 'application.errorChannel' has 0 subscriber(s). 
2026-05-27 11:59:28.238 [Thread-10] INFO  o.s.integration.endpoint.EventDrivenConsumer - stopped bean '_org.springframework.integration.errorLogger' 
2026-05-27 11:59:28.241 [Thread-10] INFO  com.zaxxer.hikari.HikariDataSource - HikariPool-2 - Shutdown initiated... 
2026-05-27 11:59:28.246 [Thread-10] INFO  com.zaxxer.hikari.HikariDataSource - HikariPool-2 - Shutdown completed. 
2026-05-27 11:59:28.392 [restartedMain] INFO  i.c.platform.thermometer.IoTThermometerApplication - Starting IoTThermometerApplication using Java 1.8.0_432 on Rozenn with PID 20040 (D:\ZK\Cloud\PTProject\iot-thermometer-init\target\classes started by Rozenn03 in D:\ZK\Cloud\PTProject\iot-thermometer-init) 
2026-05-27 11:59:28.393 [restartedMain] INFO  i.c.platform.thermometer.IoTThermometerApplication - No active profile set, falling back to 1 default profile: "default" 
2026-05-27 11:59:28.621 [restartedMain] INFO  o.s.i.c.DefaultConfiguringBeanFactoryPostProcessor - No bean named 'errorChannel' has been explicitly defined. Therefore, a default PublishSubscribeChannel will be created. 
2026-05-27 11:59:28.621 [restartedMain] INFO  o.s.i.c.DefaultConfiguringBeanFactoryPostProcessor - No bean named 'integrationHeaderChannelRegistry' has been explicitly defined. Therefore, a default DefaultHeaderChannelRegistry will be created. 
2026-05-27 11:59:28.651 [restartedMain] INFO  o.s.c.s.PostProcessorRegistrationDelegate$BeanPostProcessorChecker - Bean 'org.springframework.integration.config.IntegrationManagementConfiguration' of type [org.springframework.integration.config.IntegrationManagementConfiguration] is not eligible for getting processed by all BeanPostProcessors (for example: not eligible for auto-proxying) 
2026-05-27 11:59:28.651 [restartedMain] INFO  o.s.c.s.PostProcessorRegistrationDelegate$BeanPostProcessorChecker - Bean 'integrationChannelResolver' of type [org.springframework.integration.support.channel.BeanFactoryChannelResolver] is not eligible for getting processed by all BeanPostProcessors (for example: not eligible for auto-proxying) 
2026-05-27 11:59:28.701 [restartedMain] INFO  o.s.boot.web.embedded.tomcat.TomcatWebServer - Tomcat initialized with port(s): 8100 (http) 
2026-05-27 11:59:28.702 [restartedMain] INFO  org.apache.coyote.http11.Http11NioProtocol - Initializing ProtocolHandler ["http-nio-8100"] 
2026-05-27 11:59:28.703 [restartedMain] INFO  org.apache.catalina.core.StandardService - Starting service [Tomcat] 
2026-05-27 11:59:28.703 [restartedMain] INFO  org.apache.catalina.core.StandardEngine - Starting Servlet engine: [Apache Tomcat/9.0.69] 
2026-05-27 11:59:28.715 [restartedMain] INFO  o.a.c.core.ContainerBase.[Tomcat].[localhost].[/] - Initializing Spring embedded WebApplicationContext 
2026-05-27 11:59:28.715 [restartedMain] INFO  o.s.b.w.s.c.ServletWebServerApplicationContext - Root WebApplicationContext: initialization completed in 320 ms 
2026-05-27 11:59:28.776 [restartedMain] INFO  iot.cloud.platform.thermometer.config.MqttConfig - 创建mqtt客户端ID:thermometer001 
2026-05-27 11:59:28.780 [restartedMain] INFO  com.zaxxer.hikari.HikariDataSource - HikariPool-3 - Starting... 
2026-05-27 11:59:28.784 [restartedMain] INFO  com.zaxxer.hikari.HikariDataSource - HikariPool-3 - Start completed. 
2026-05-27 11:59:28.788 [restartedMain] INFO  iot.cloud.platform.thermometer.config.MqttConfig - 加入订阅主题->/iot/cloud/devices/post_reply (qos=1) 
2026-05-27 11:59:28.788 [restartedMain] INFO  iot.cloud.platform.thermometer.config.MqttConfig - 加入订阅主题->/iot/cloud/devices/receive (qos=1) 
2026-05-27 11:59:28.791 [restartedMain] INFO  iot.cloud.platform.thermometer.config.MqttConfig - 接收主题->/iot/cloud/devices/receive 响应主题->/iot/cloud/devices/receive_reply 
2026-05-27 11:59:28.882 [restartedMain] INFO  o.s.b.d.autoconfigure.OptionalLiveReloadServer - LiveReload server is running on port 35729 
2026-05-27 11:59:28.898 [restartedMain] INFO  o.s.integration.endpoint.EventDrivenConsumer - Adding {logging-channel-adapter:_org.springframework.integration.errorLogger} as a subscriber to the 'errorChannel' channel 
2026-05-27 11:59:28.899 [restartedMain] INFO  o.s.integration.channel.PublishSubscribeChannel - Channel 'application.errorChannel' has 1 subscriber(s). 
2026-05-27 11:59:28.899 [restartedMain] INFO  o.s.integration.endpoint.EventDrivenConsumer - started bean '_org.springframework.integration.errorLogger' 
2026-05-27 11:59:28.899 [restartedMain] INFO  org.apache.coyote.http11.Http11NioProtocol - Starting ProtocolHandler ["http-nio-8100"] 
2026-05-27 11:59:28.902 [restartedMain] INFO  o.s.boot.web.embedded.tomcat.TomcatWebServer - Tomcat started on port(s): 8100 (http) with context path '' 
2026-05-27 11:59:28.906 [restartedMain] INFO  i.c.platform.thermometer.IoTThermometerApplication - Started IoTThermometerApplication in 0.545 seconds (JVM running for 1572.015) 
2026-05-27 11:59:28.907 [restartedMain] INFO  iot.cloud.platform.thermometer.mqtt.MqttConsumer - 初始化并启动mqtt...... 
2026-05-27 11:59:33.005 [restartedMain] INFO  iot.cloud.platform.thermometer.mqtt.MqttConsumer - mqtt连接异常：org.eclipse.paho.client.mqttv3.internal.TCPNetworkModule.start(TCPNetworkModule.java:80)
org.eclipse.paho.client.mqttv3.internal.ClientComms$ConnectBG.run(ClientComms.java:724)
java.lang.Thread.run(Thread.java:750)
 
2026-05-27 11:59:33.006 [restartedMain] INFO  o.s.b.d.a.ConditionEvaluationDeltaLoggingListener - Condition evaluation unchanged 
2026-05-27 11:59:33.006 [restartedMain] INFO  i.c.platform.thermometer.IoTThermometerApplication - http://localhost:8100/ 
2026-05-27 11:59:50.738 [SpringApplicationShutdownHook] INFO  o.s.integration.endpoint.EventDrivenConsumer - Removing {logging-channel-adapter:_org.springframework.integration.errorLogger} as a subscriber to the 'errorChannel' channel 
2026-05-27 11:59:50.738 [SpringApplicationShutdownHook] INFO  o.s.integration.channel.PublishSubscribeChannel - Channel 'application.errorChannel' has 0 subscriber(s). 
2026-05-27 11:59:50.738 [SpringApplicationShutdownHook] INFO  o.s.integration.endpoint.EventDrivenConsumer - stopped bean '_org.springframework.integration.errorLogger' 
2026-05-27 11:59:50.741 [SpringApplicationShutdownHook] INFO  com.zaxxer.hikari.HikariDataSource - HikariPool-3 - Shutdown initiated... 
2026-05-27 11:59:50.744 [SpringApplicationShutdownHook] INFO  com.zaxxer.hikari.HikariDataSource - HikariPool-3 - Shutdown completed. 
2026-05-27 11:59:56.079 [background-preinit] INFO  org.hibernate.validator.internal.util.Version - HV000001: Hibernate Validator 6.2.5.Final 
2026-05-27 11:59:56.083 [restartedMain] INFO  i.c.platform.thermometer.IoTThermometerApplication - Starting IoTThermometerApplication using Java 1.8.0_432 on Rozenn with PID 34088 (D:\ZK\Cloud\PTProject\iot-thermometer-init\target\classes started by Rozenn03 in D:\ZK\Cloud\PTProject\iot-thermometer-init) 
2026-05-27 11:59:56.083 [restartedMain] INFO  i.c.platform.thermometer.IoTThermometerApplication - No active profile set, falling back to 1 default profile: "default" 
2026-05-27 11:59:56.126 [restartedMain] INFO  o.s.b.d.env.DevToolsPropertyDefaultsPostProcessor - Devtools property defaults active! Set 'spring.devtools.add-properties' to 'false' to disable 
2026-05-27 11:59:56.127 [restartedMain] INFO  o.s.b.d.env.DevToolsPropertyDefaultsPostProcessor - For additional web related logging consider setting the 'logging.level.web' property to 'DEBUG' 
2026-05-27 11:59:56.829 [restartedMain] INFO  o.s.i.c.DefaultConfiguringBeanFactoryPostProcessor - No bean named 'errorChannel' has been explicitly defined. Therefore, a default PublishSubscribeChannel will be created. 
2026-05-27 11:59:56.840 [restartedMain] INFO  o.s.i.c.DefaultConfiguringBeanFactoryPostProcessor - No bean named 'integrationHeaderChannelRegistry' has been explicitly defined. Therefore, a default DefaultHeaderChannelRegistry will be created. 
2026-05-27 11:59:57.102 [restartedMain] INFO  o.s.c.s.PostProcessorRegistrationDelegate$BeanPostProcessorChecker - Bean 'org.springframework.integration.config.IntegrationManagementConfiguration' of type [org.springframework.integration.config.IntegrationManagementConfiguration] is not eligible for getting processed by all BeanPostProcessors (for example: not eligible for auto-proxying) 
2026-05-27 11:59:57.109 [restartedMain] INFO  o.s.c.s.PostProcessorRegistrationDelegate$BeanPostProcessorChecker - Bean 'integrationChannelResolver' of type [org.springframework.integration.support.channel.BeanFactoryChannelResolver] is not eligible for getting processed by all BeanPostProcessors (for example: not eligible for auto-proxying) 
2026-05-27 11:59:57.699 [restartedMain] INFO  o.s.boot.web.embedded.tomcat.TomcatWebServer - Tomcat initialized with port(s): 8100 (http) 
2026-05-27 11:59:57.710 [restartedMain] INFO  org.apache.coyote.http11.Http11NioProtocol - Initializing ProtocolHandler ["http-nio-8100"] 
2026-05-27 11:59:57.712 [restartedMain] INFO  org.apache.catalina.core.StandardService - Starting service [Tomcat] 
2026-05-27 11:59:57.712 [restartedMain] INFO  org.apache.catalina.core.StandardEngine - Starting Servlet engine: [Apache Tomcat/9.0.69] 
2026-05-27 11:59:57.775 [restartedMain] INFO  o.a.c.core.ContainerBase.[Tomcat].[localhost].[/] - Initializing Spring embedded WebApplicationContext 
2026-05-27 11:59:57.777 [restartedMain] INFO  o.s.b.w.s.c.ServletWebServerApplicationContext - Root WebApplicationContext: initialization completed in 1649 ms 
2026-05-27 11:59:58.310 [restartedMain] INFO  iot.cloud.platform.thermometer.config.MqttConfig - 创建mqtt客户端ID:thermometer001 
2026-05-27 11:59:58.332 [restartedMain] INFO  com.zaxxer.hikari.HikariDataSource - HikariPool-1 - Starting... 
2026-05-27 11:59:58.473 [restartedMain] INFO  com.zaxxer.hikari.HikariDataSource - HikariPool-1 - Start completed. 
2026-05-27 11:59:58.512 [restartedMain] INFO  iot.cloud.platform.thermometer.config.MqttConfig - 加入订阅主题->/iot/cloud/devices/post_reply (qos=1) 
2026-05-27 11:59:58.512 [restartedMain] INFO  iot.cloud.platform.thermometer.config.MqttConfig - 加入订阅主题->/iot/cloud/devices/receive (qos=1) 
2026-05-27 11:59:58.518 [restartedMain] INFO  iot.cloud.platform.thermometer.config.MqttConfig - 接收主题->/iot/cloud/devices/receive 响应主题->/iot/cloud/devices/receive_reply 
2026-05-27 11:59:58.937 [restartedMain] INFO  o.s.b.d.autoconfigure.OptionalLiveReloadServer - LiveReload server is running on port 35729 
2026-05-27 11:59:59.081 [restartedMain] INFO  o.s.integration.endpoint.EventDrivenConsumer - Adding {logging-channel-adapter:_org.springframework.integration.errorLogger} as a subscriber to the 'errorChannel' channel 
2026-05-27 11:59:59.082 [restartedMain] INFO  o.s.integration.channel.PublishSubscribeChannel - Channel 'application.errorChannel' has 1 subscriber(s). 
2026-05-27 11:59:59.082 [restartedMain] INFO  o.s.integration.endpoint.EventDrivenConsumer - started bean '_org.springframework.integration.errorLogger' 
2026-05-27 11:59:59.082 [restartedMain] INFO  org.apache.coyote.http11.Http11NioProtocol - Starting ProtocolHandler ["http-nio-8100"] 
2026-05-27 11:59:59.112 [restartedMain] INFO  o.s.boot.web.embedded.tomcat.TomcatWebServer - Tomcat started on port(s): 8100 (http) with context path '' 
2026-05-27 11:59:59.124 [restartedMain] INFO  i.c.platform.thermometer.IoTThermometerApplication - Started IoTThermometerApplication in 3.35 seconds (JVM running for 3.839) 
2026-05-27 11:59:59.126 [restartedMain] INFO  iot.cloud.platform.thermometer.mqtt.MqttConsumer - 初始化并启动mqtt...... 
2026-05-27 12:00:03.210 [restartedMain] INFO  iot.cloud.platform.thermometer.mqtt.MqttConsumer - mqtt连接异常：org.eclipse.paho.client.mqttv3.internal.TCPNetworkModule.start(TCPNetworkModule.java:80)
org.eclipse.paho.client.mqttv3.internal.ClientComms$ConnectBG.run(ClientComms.java:724)
java.lang.Thread.run(Thread.java:750)
 
2026-05-27 12:00:03.212 [restartedMain] INFO  i.c.platform.thermometer.IoTThermometerApplication - http://localhost:8100/ 
2026-05-27 12:57:12.490 [SpringApplicationShutdownHook] INFO  o.s.integration.endpoint.EventDrivenConsumer - Removing {logging-channel-adapter:_org.springframework.integration.errorLogger} as a subscriber to the 'errorChannel' channel 
2026-05-27 12:57:12.492 [SpringApplicationShutdownHook] INFO  o.s.integration.channel.PublishSubscribeChannel - Channel 'application.errorChannel' has 0 subscriber(s). 
2026-05-27 12:57:12.493 [SpringApplicationShutdownHook] INFO  o.s.integration.endpoint.EventDrivenConsumer - stopped bean '_org.springframework.integration.errorLogger' 
2026-05-27 12:57:12.501 [SpringApplicationShutdownHook] INFO  com.zaxxer.hikari.HikariDataSource - HikariPool-1 - Shutdown initiated... 
2026-05-27 12:57:12.509 [SpringApplicationShutdownHook] INFO  com.zaxxer.hikari.HikariDataSource - HikariPool-1 - Shutdown completed. 
2026-05-27 12:57:15.383 [background-preinit] INFO  org.hibernate.validator.internal.util.Version - HV000001: Hibernate Validator 6.2.5.Final 
2026-05-27 12:57:15.391 [restartedMain] INFO  i.c.platform.thermometer.IoTThermometerApplication - Starting IoTThermometerApplication using Java 1.8.0_432 on Rozenn with PID 34608 (D:\ZK\Cloud\PTProject\iot-thermometer-init\target\classes started by Rozenn03 in D:\ZK\Cloud\PTProject\iot-thermometer-init) 
2026-05-27 12:57:15.391 [restartedMain] INFO  i.c.platform.thermometer.IoTThermometerApplication - No active profile set, falling back to 1 default profile: "default" 
2026-05-27 12:57:15.448 [restartedMain] INFO  o.s.b.d.env.DevToolsPropertyDefaultsPostProcessor - Devtools property defaults active! Set 'spring.devtools.add-properties' to 'false' to disable 
2026-05-27 12:57:15.448 [restartedMain] INFO  o.s.b.d.env.DevToolsPropertyDefaultsPostProcessor - For additional web related logging consider setting the 'logging.level.web' property to 'DEBUG' 
2026-05-27 12:57:16.261 [restartedMain] INFO  o.s.i.c.DefaultConfiguringBeanFactoryPostProcessor - No bean named 'errorChannel' has been explicitly defined. Therefore, a default PublishSubscribeChannel will be created. 
2026-05-27 12:57:16.271 [restartedMain] INFO  o.s.i.c.DefaultConfiguringBeanFactoryPostProcessor - No bean named 'integrationHeaderChannelRegistry' has been explicitly defined. Therefore, a default DefaultHeaderChannelRegistry will be created. 
2026-05-27 12:57:16.532 [restartedMain] INFO  o.s.c.s.PostProcessorRegistrationDelegate$BeanPostProcessorChecker - Bean 'org.springframework.integration.config.IntegrationManagementConfiguration' of type [org.springframework.integration.config.IntegrationManagementConfiguration] is not eligible for getting processed by all BeanPostProcessors (for example: not eligible for auto-proxying) 
2026-05-27 12:57:16.540 [restartedMain] INFO  o.s.c.s.PostProcessorRegistrationDelegate$BeanPostProcessorChecker - Bean 'integrationChannelResolver' of type [org.springframework.integration.support.channel.BeanFactoryChannelResolver] is not eligible for getting processed by all BeanPostProcessors (for example: not eligible for auto-proxying) 
2026-05-27 12:57:17.142 [restartedMain] INFO  o.s.boot.web.embedded.tomcat.TomcatWebServer - Tomcat initialized with port(s): 8100 (http) 
2026-05-27 12:57:17.149 [restartedMain] INFO  org.apache.coyote.http11.Http11NioProtocol - Initializing ProtocolHandler ["http-nio-8100"] 
2026-05-27 12:57:17.150 [restartedMain] INFO  org.apache.catalina.core.StandardService - Starting service [Tomcat] 
2026-05-27 12:57:17.152 [restartedMain] INFO  org.apache.catalina.core.StandardEngine - Starting Servlet engine: [Apache Tomcat/9.0.69] 
2026-05-27 12:57:17.212 [restartedMain] INFO  o.a.c.core.ContainerBase.[Tomcat].[localhost].[/] - Initializing Spring embedded WebApplicationContext 
2026-05-27 12:57:17.213 [restartedMain] INFO  o.s.b.w.s.c.ServletWebServerApplicationContext - Root WebApplicationContext: initialization completed in 1762 ms 
2026-05-27 12:57:17.705 [restartedMain] INFO  iot.cloud.platform.thermometer.config.MqttConfig - 创建mqtt客户端ID:thermometer001 
2026-05-27 12:57:17.728 [restartedMain] INFO  com.zaxxer.hikari.HikariDataSource - HikariPool-1 - Starting... 
2026-05-27 12:57:17.876 [restartedMain] INFO  com.zaxxer.hikari.HikariDataSource - HikariPool-1 - Start completed. 
2026-05-27 12:57:17.920 [restartedMain] INFO  iot.cloud.platform.thermometer.config.MqttConfig - 加入订阅主题->/iot/cloud/devices/post_reply (qos=1) 
2026-05-27 12:57:17.920 [restartedMain] INFO  iot.cloud.platform.thermometer.config.MqttConfig - 加入订阅主题->/iot/cloud/devices/receive (qos=1) 
2026-05-27 12:57:17.926 [restartedMain] INFO  iot.cloud.platform.thermometer.config.MqttConfig - 接收主题->/iot/cloud/devices/receive 响应主题->/iot/cloud/devices/receive_reply 
2026-05-27 12:57:18.376 [restartedMain] INFO  o.s.b.d.autoconfigure.OptionalLiveReloadServer - LiveReload server is running on port 35729 
2026-05-27 12:57:18.520 [restartedMain] INFO  o.s.integration.endpoint.EventDrivenConsumer - Adding {logging-channel-adapter:_org.springframework.integration.errorLogger} as a subscriber to the 'errorChannel' channel 
2026-05-27 12:57:18.520 [restartedMain] INFO  o.s.integration.channel.PublishSubscribeChannel - Channel 'application.errorChannel' has 1 subscriber(s). 
2026-05-27 12:57:18.521 [restartedMain] INFO  o.s.integration.endpoint.EventDrivenConsumer - started bean '_org.springframework.integration.errorLogger' 
2026-05-27 12:57:18.521 [restartedMain] INFO  org.apache.coyote.http11.Http11NioProtocol - Starting ProtocolHandler ["http-nio-8100"] 
2026-05-27 12:57:18.548 [restartedMain] INFO  o.s.boot.web.embedded.tomcat.TomcatWebServer - Tomcat started on port(s): 8100 (http) with context path '' 
2026-05-27 12:57:18.561 [restartedMain] INFO  i.c.platform.thermometer.IoTThermometerApplication - Started IoTThermometerApplication in 3.998 seconds (JVM running for 4.776) 
2026-05-27 12:57:18.562 [restartedMain] INFO  iot.cloud.platform.thermometer.mqtt.MqttConsumer - 初始化并启动mqtt...... 
2026-05-27 12:57:22.667 [restartedMain] INFO  iot.cloud.platform.thermometer.mqtt.MqttConsumer - mqtt连接异常：org.eclipse.paho.client.mqttv3.internal.TCPNetworkModule.start(TCPNetworkModule.java:80)
org.eclipse.paho.client.mqttv3.internal.ClientComms$ConnectBG.run(ClientComms.java:724)
java.lang.Thread.run(Thread.java:750)
 
2026-05-27 12:57:22.668 [restartedMain] INFO  i.c.platform.thermometer.IoTThermometerApplication - http://localhost:8100/ 
2026-05-27 12:58:50.234 [http-nio-8100-exec-1] INFO  o.a.c.core.ContainerBase.[Tomcat].[localhost].[/] - Initializing Spring DispatcherServlet 'dispatcherServlet' 
2026-05-27 12:58:50.235 [http-nio-8100-exec-1] INFO  org.springframework.web.servlet.DispatcherServlet - Initializing Servlet 'dispatcherServlet' 
2026-05-27 12:58:50.236 [http-nio-8100-exec-1] INFO  org.springframework.web.servlet.DispatcherServlet - Completed initialization in 1 ms 
2026-05-27 16:01:04.463 [SpringApplicationShutdownHook] INFO  o.s.integration.endpoint.EventDrivenConsumer - Removing {logging-channel-adapter:_org.springframework.integration.errorLogger} as a subscriber to the 'errorChannel' channel 
2026-05-27 16:01:04.463 [SpringApplicationShutdownHook] INFO  o.s.integration.channel.PublishSubscribeChannel - Channel 'application.errorChannel' has 0 subscriber(s). 
2026-05-27 16:01:04.465 [SpringApplicationShutdownHook] INFO  o.s.integration.endpoint.EventDrivenConsumer - stopped bean '_org.springframework.integration.errorLogger' 
2026-05-27 16:01:04.469 [SpringApplicationShutdownHook] INFO  com.zaxxer.hikari.HikariDataSource - HikariPool-1 - Shutdown initiated... 
2026-05-27 16:01:04.472 [SpringApplicationShutdownHook] INFO  com.zaxxer.hikari.HikariDataSource - HikariPool-1 - Shutdown completed. 
2026-05-27 16:01:08.873 [background-preinit] INFO  org.hibernate.validator.internal.util.Version - HV000001: Hibernate Validator 6.2.5.Final 
2026-05-27 16:01:08.877 [restartedMain] INFO  i.c.platform.thermometer.IoTThermometerApplication - Starting IoTThermometerApplication using Java 1.8.0_432 on Rozenn with PID 32088 (D:\ZK\Cloud\PTProject\iot-thermometer-init\target\classes started by Rozenn03 in D:\ZK\Cloud\PTProject\iot-thermometer-init) 
2026-05-27 16:01:08.878 [restartedMain] INFO  i.c.platform.thermometer.IoTThermometerApplication - No active profile set, falling back to 1 default profile: "default" 
2026-05-27 16:01:08.922 [restartedMain] INFO  o.s.b.d.env.DevToolsPropertyDefaultsPostProcessor - Devtools property defaults active! Set 'spring.devtools.add-properties' to 'false' to disable 
2026-05-27 16:01:08.922 [restartedMain] INFO  o.s.b.d.env.DevToolsPropertyDefaultsPostProcessor - For additional web related logging consider setting the 'logging.level.web' property to 'DEBUG' 
2026-05-27 16:01:09.665 [restartedMain] INFO  o.s.i.c.DefaultConfiguringBeanFactoryPostProcessor - No bean named 'errorChannel' has been explicitly defined. Therefore, a default PublishSubscribeChannel will be created. 
2026-05-27 16:01:09.676 [restartedMain] INFO  o.s.i.c.DefaultConfiguringBeanFactoryPostProcessor - No bean named 'integrationHeaderChannelRegistry' has been explicitly defined. Therefore, a default DefaultHeaderChannelRegistry will be created. 
2026-05-27 16:01:09.937 [restartedMain] INFO  o.s.c.s.PostProcessorRegistrationDelegate$BeanPostProcessorChecker - Bean 'org.springframework.integration.config.IntegrationManagementConfiguration' of type [org.springframework.integration.config.IntegrationManagementConfiguration] is not eligible for getting processed by all BeanPostProcessors (for example: not eligible for auto-proxying) 
2026-05-27 16:01:09.945 [restartedMain] INFO  o.s.c.s.PostProcessorRegistrationDelegate$BeanPostProcessorChecker - Bean 'integrationChannelResolver' of type [org.springframework.integration.support.channel.BeanFactoryChannelResolver] is not eligible for getting processed by all BeanPostProcessors (for example: not eligible for auto-proxying) 
2026-05-27 16:01:10.487 [restartedMain] INFO  o.s.boot.web.embedded.tomcat.TomcatWebServer - Tomcat initialized with port(s): 8100 (http) 
2026-05-27 16:01:10.497 [restartedMain] INFO  org.apache.coyote.http11.Http11NioProtocol - Initializing ProtocolHandler ["http-nio-8100"] 
2026-05-27 16:01:10.497 [restartedMain] INFO  org.apache.catalina.core.StandardService - Starting service [Tomcat] 
2026-05-27 16:01:10.499 [restartedMain] INFO  org.apache.catalina.core.StandardEngine - Starting Servlet engine: [Apache Tomcat/9.0.69] 
2026-05-27 16:01:10.557 [restartedMain] INFO  o.a.c.core.ContainerBase.[Tomcat].[localhost].[/] - Initializing Spring embedded WebApplicationContext 
2026-05-27 16:01:10.557 [restartedMain] INFO  o.s.b.w.s.c.ServletWebServerApplicationContext - Root WebApplicationContext: initialization completed in 1635 ms 
2026-05-27 16:01:11.137 [restartedMain] INFO  iot.cloud.platform.thermometer.config.MqttConfig - 创建mqtt客户端ID:thermometer001 
2026-05-27 16:01:11.161 [restartedMain] INFO  com.zaxxer.hikari.HikariDataSource - HikariPool-1 - Starting... 
2026-05-27 16:01:11.303 [restartedMain] INFO  com.zaxxer.hikari.HikariDataSource - HikariPool-1 - Start completed. 
2026-05-27 16:01:11.345 [restartedMain] INFO  iot.cloud.platform.thermometer.config.MqttConfig - 加入订阅主题->/iot/cloud/devices/post_reply (qos=1) 
2026-05-27 16:01:11.345 [restartedMain] INFO  iot.cloud.platform.thermometer.config.MqttConfig - 加入订阅主题->/iot/cloud/devices/receive (qos=1) 
2026-05-27 16:01:11.350 [restartedMain] INFO  iot.cloud.platform.thermometer.config.MqttConfig - 接收主题->/iot/cloud/devices/receive 响应主题->/iot/cloud/devices/receive_reply 
2026-05-27 16:01:11.776 [restartedMain] INFO  o.s.b.d.autoconfigure.OptionalLiveReloadServer - LiveReload server is running on port 35729 
2026-05-27 16:01:11.914 [restartedMain] INFO  o.s.integration.endpoint.EventDrivenConsumer - Adding {logging-channel-adapter:_org.springframework.integration.errorLogger} as a subscriber to the 'errorChannel' channel 
2026-05-27 16:01:11.916 [restartedMain] INFO  o.s.integration.channel.PublishSubscribeChannel - Channel 'application.errorChannel' has 1 subscriber(s). 
2026-05-27 16:01:11.916 [restartedMain] INFO  o.s.integration.endpoint.EventDrivenConsumer - started bean '_org.springframework.integration.errorLogger' 
2026-05-27 16:01:11.916 [restartedMain] INFO  org.apache.coyote.http11.Http11NioProtocol - Starting ProtocolHandler ["http-nio-8100"] 
2026-05-27 16:01:11.939 [restartedMain] INFO  o.s.boot.web.embedded.tomcat.TomcatWebServer - Tomcat started on port(s): 8100 (http) with context path '' 
2026-05-27 16:01:11.950 [restartedMain] INFO  i.c.platform.thermometer.IoTThermometerApplication - Started IoTThermometerApplication in 3.394 seconds (JVM running for 3.845) 
2026-05-27 16:01:11.952 [restartedMain] INFO  iot.cloud.platform.thermometer.mqtt.MqttConsumer - 初始化并启动mqtt...... 
2026-05-27 16:01:16.058 [restartedMain] INFO  iot.cloud.platform.thermometer.mqtt.MqttConsumer - mqtt连接异常：org.eclipse.paho.client.mqttv3.internal.TCPNetworkModule.start(TCPNetworkModule.java:80)
org.eclipse.paho.client.mqttv3.internal.ClientComms$ConnectBG.run(ClientComms.java:724)
java.lang.Thread.run(Thread.java:750)
 
2026-05-27 16:01:16.060 [restartedMain] INFO  i.c.platform.thermometer.IoTThermometerApplication - http://localhost:8100/ 
2026-05-27 16:02:08.714 [http-nio-8100-exec-1] INFO  o.a.c.core.ContainerBase.[Tomcat].[localhost].[/] - Initializing Spring DispatcherServlet 'dispatcherServlet' 
2026-05-27 16:02:08.715 [http-nio-8100-exec-1] INFO  org.springframework.web.servlet.DispatcherServlet - Initializing Servlet 'dispatcherServlet' 
2026-05-27 16:02:08.716 [http-nio-8100-exec-1] INFO  org.springframework.web.servlet.DispatcherServlet - Completed initialization in 1 ms 
2026-05-27 17:00:09.433 [File Watcher] INFO  o.s.b.d.a.LocalDevToolsAutoConfiguration$RestartingClassPathChangeChangedEventListener - Restarting due to 1 class path change (0 additions, 0 deletions, 1 modification) 
2026-05-27 17:00:09.870 [Thread-6] INFO  org.apache.coyote.http11.Http11NioProtocol - Pausing ProtocolHandler ["http-nio-8100"] 
2026-05-27 17:00:09.871 [Thread-6] INFO  org.apache.catalina.core.StandardService - Stopping service [Tomcat] 
2026-05-27 17:00:09.877 [Thread-6] INFO  o.a.c.core.ContainerBase.[Tomcat].[localhost].[/] - Destroying Spring FrameworkServlet 'dispatcherServlet' 
2026-05-27 17:00:09.888 [Thread-6] INFO  org.apache.coyote.http11.Http11NioProtocol - Stopping ProtocolHandler ["http-nio-8100"] 
2026-05-27 17:00:09.892 [Thread-6] INFO  org.apache.coyote.http11.Http11NioProtocol - Destroying ProtocolHandler ["http-nio-8100"] 
2026-05-27 17:00:09.894 [Thread-6] INFO  o.s.integration.endpoint.EventDrivenConsumer - Removing {logging-channel-adapter:_org.springframework.integration.errorLogger} as a subscriber to the 'errorChannel' channel 
2026-05-27 17:00:09.895 [Thread-6] INFO  o.s.integration.channel.PublishSubscribeChannel - Channel 'application.errorChannel' has 0 subscriber(s). 
2026-05-27 17:00:09.895 [Thread-6] INFO  o.s.integration.endpoint.EventDrivenConsumer - stopped bean '_org.springframework.integration.errorLogger' 
2026-05-27 17:00:09.907 [Thread-6] INFO  com.zaxxer.hikari.HikariDataSource - HikariPool-1 - Shutdown initiated... 
2026-05-27 17:00:09.916 [Thread-6] INFO  com.zaxxer.hikari.HikariDataSource - HikariPool-1 - Shutdown completed. 
2026-05-27 17:00:10.237 [restartedMain] INFO  i.c.platform.thermometer.IoTThermometerApplication - Starting IoTThermometerApplication using Java 1.8.0_432 on Rozenn with PID 32088 (D:\ZK\Cloud\PTProject\iot-thermometer-init\target\classes started by Rozenn03 in D:\ZK\Cloud\PTProject\iot-thermometer-init) 
2026-05-27 17:00:10.237 [restartedMain] INFO  i.c.platform.thermometer.IoTThermometerApplication - No active profile set, falling back to 1 default profile: "default" 
2026-05-27 17:00:10.592 [restartedMain] INFO  o.s.i.c.DefaultConfiguringBeanFactoryPostProcessor - No bean named 'errorChannel' has been explicitly defined. Therefore, a default PublishSubscribeChannel will be created. 
2026-05-27 17:00:10.592 [restartedMain] INFO  o.s.i.c.DefaultConfiguringBeanFactoryPostProcessor - No bean named 'integrationHeaderChannelRegistry' has been explicitly defined. Therefore, a default DefaultHeaderChannelRegistry will be created. 
2026-05-27 17:00:10.637 [restartedMain] INFO  o.s.c.s.PostProcessorRegistrationDelegate$BeanPostProcessorChecker - Bean 'org.springframework.integration.config.IntegrationManagementConfiguration' of type [org.springframework.integration.config.IntegrationManagementConfiguration] is not eligible for getting processed by all BeanPostProcessors (for example: not eligible for auto-proxying) 
2026-05-27 17:00:10.640 [restartedMain] INFO  o.s.c.s.PostProcessorRegistrationDelegate$BeanPostProcessorChecker - Bean 'integrationChannelResolver' of type [org.springframework.integration.support.channel.BeanFactoryChannelResolver] is not eligible for getting processed by all BeanPostProcessors (for example: not eligible for auto-proxying) 
2026-05-27 17:00:10.715 [restartedMain] INFO  o.s.boot.web.embedded.tomcat.TomcatWebServer - Tomcat initialized with port(s): 8100 (http) 
2026-05-27 17:00:10.715 [restartedMain] INFO  org.apache.coyote.http11.Http11NioProtocol - Initializing ProtocolHandler ["http-nio-8100"] 
2026-05-27 17:00:10.715 [restartedMain] INFO  org.apache.catalina.core.StandardService - Starting service [Tomcat] 
2026-05-27 17:00:10.716 [restartedMain] INFO  org.apache.catalina.core.StandardEngine - Starting Servlet engine: [Apache Tomcat/9.0.69] 
2026-05-27 17:00:10.736 [restartedMain] INFO  o.a.c.core.ContainerBase.[Tomcat].[localhost].[/] - Initializing Spring embedded WebApplicationContext 
2026-05-27 17:00:10.736 [restartedMain] INFO  o.s.b.w.s.c.ServletWebServerApplicationContext - Root WebApplicationContext: initialization completed in 494 ms 
2026-05-27 17:00:10.830 [restartedMain] INFO  iot.cloud.platform.thermometer.config.MqttConfig - 创建mqtt客户端ID:thermometer001 
2026-05-27 17:00:10.836 [restartedMain] INFO  com.zaxxer.hikari.HikariDataSource - HikariPool-2 - Starting... 
2026-05-27 17:00:10.839 [restartedMain] INFO  com.zaxxer.hikari.HikariDataSource - HikariPool-2 - Start completed. 
2026-05-27 17:00:10.842 [restartedMain] INFO  iot.cloud.platform.thermometer.config.MqttConfig - 加入订阅主题->/iot/cloud/devices/post_reply (qos=1) 
2026-05-27 17:00:10.843 [restartedMain] INFO  iot.cloud.platform.thermometer.config.MqttConfig - 加入订阅主题->/iot/cloud/devices/receive (qos=1) 
2026-05-27 17:00:10.848 [restartedMain] INFO  iot.cloud.platform.thermometer.config.MqttConfig - 接收主题->/iot/cloud/devices/receive 响应主题->/iot/cloud/devices/receive_reply 
2026-05-27 17:00:10.976 [restartedMain] INFO  o.s.b.d.autoconfigure.OptionalLiveReloadServer - LiveReload server is running on port 35729 
2026-05-27 17:00:10.996 [restartedMain] INFO  o.s.integration.endpoint.EventDrivenConsumer - Adding {logging-channel-adapter:_org.springframework.integration.errorLogger} as a subscriber to the 'errorChannel' channel 
2026-05-27 17:00:10.996 [restartedMain] INFO  o.s.integration.channel.PublishSubscribeChannel - Channel 'application.errorChannel' has 1 subscriber(s). 
2026-05-27 17:00:10.997 [restartedMain] INFO  o.s.integration.endpoint.EventDrivenConsumer - started bean '_org.springframework.integration.errorLogger' 
2026-05-27 17:00:10.997 [restartedMain] INFO  org.apache.coyote.http11.Http11NioProtocol - Starting ProtocolHandler ["http-nio-8100"] 
2026-05-27 17:00:11.001 [restartedMain] INFO  o.s.boot.web.embedded.tomcat.TomcatWebServer - Tomcat started on port(s): 8100 (http) with context path '' 
2026-05-27 17:00:11.006 [restartedMain] INFO  i.c.platform.thermometer.IoTThermometerApplication - Started IoTThermometerApplication in 0.822 seconds (JVM running for 3542.9) 
2026-05-27 17:00:11.007 [restartedMain] INFO  iot.cloud.platform.thermometer.mqtt.MqttConsumer - 初始化并启动mqtt...... 
2026-05-27 17:00:15.110 [restartedMain] INFO  iot.cloud.platform.thermometer.mqtt.MqttConsumer - mqtt连接异常：org.eclipse.paho.client.mqttv3.internal.TCPNetworkModule.start(TCPNetworkModule.java:80)
org.eclipse.paho.client.mqttv3.internal.ClientComms$ConnectBG.run(ClientComms.java:724)
java.lang.Thread.run(Thread.java:750)
 
2026-05-27 17:00:15.112 [restartedMain] INFO  o.s.b.d.a.ConditionEvaluationDeltaLoggingListener - Condition evaluation unchanged 
2026-05-27 17:00:15.113 [restartedMain] INFO  i.c.platform.thermometer.IoTThermometerApplication - http://localhost:8100/ 
2026-05-27 17:06:28.946 [SpringApplicationShutdownHook] INFO  o.s.integration.endpoint.EventDrivenConsumer - Removing {logging-channel-adapter:_org.springframework.integration.errorLogger} as a subscriber to the 'errorChannel' channel 
2026-05-27 17:06:28.947 [SpringApplicationShutdownHook] INFO  o.s.integration.channel.PublishSubscribeChannel - Channel 'application.errorChannel' has 0 subscriber(s). 
2026-05-27 17:06:28.947 [SpringApplicationShutdownHook] INFO  o.s.integration.endpoint.EventDrivenConsumer - stopped bean '_org.springframework.integration.errorLogger' 
2026-05-27 17:06:28.950 [SpringApplicationShutdownHook] INFO  com.zaxxer.hikari.HikariDataSource - HikariPool-2 - Shutdown initiated... 
2026-05-27 17:06:28.955 [SpringApplicationShutdownHook] INFO  com.zaxxer.hikari.HikariDataSource - HikariPool-2 - Shutdown completed. 
2026-05-27 17:06:34.947 [background-preinit] INFO  org.hibernate.validator.internal.util.Version - HV000001: Hibernate Validator 6.2.5.Final 
2026-05-27 17:06:34.956 [restartedMain] INFO  i.c.platform.thermometer.IoTThermometerApplication - Starting IoTThermometerApplication using Java 1.8.0_432 on Rozenn with PID 28052 (D:\ZK\Cloud\PTProject\iot-thermometer-init\target\classes started by Rozenn03 in D:\ZK\Cloud\PTProject\iot-thermometer-init) 
2026-05-27 17:06:34.957 [restartedMain] INFO  i.c.platform.thermometer.IoTThermometerApplication - No active profile set, falling back to 1 default profile: "default" 
2026-05-27 17:06:35.006 [restartedMain] INFO  o.s.b.d.env.DevToolsPropertyDefaultsPostProcessor - Devtools property defaults active! Set 'spring.devtools.add-properties' to 'false' to disable 
2026-05-27 17:06:35.008 [restartedMain] INFO  o.s.b.d.env.DevToolsPropertyDefaultsPostProcessor - For additional web related logging consider setting the 'logging.level.web' property to 'DEBUG' 
2026-05-27 17:06:35.682 [restartedMain] INFO  o.s.i.c.DefaultConfiguringBeanFactoryPostProcessor - No bean named 'errorChannel' has been explicitly defined. Therefore, a default PublishSubscribeChannel will be created. 
2026-05-27 17:06:35.695 [restartedMain] INFO  o.s.i.c.DefaultConfiguringBeanFactoryPostProcessor - No bean named 'integrationHeaderChannelRegistry' has been explicitly defined. Therefore, a default DefaultHeaderChannelRegistry will be created. 
2026-05-27 17:06:35.958 [restartedMain] INFO  o.s.c.s.PostProcessorRegistrationDelegate$BeanPostProcessorChecker - Bean 'org.springframework.integration.config.IntegrationManagementConfiguration' of type [org.springframework.integration.config.IntegrationManagementConfiguration] is not eligible for getting processed by all BeanPostProcessors (for example: not eligible for auto-proxying) 
2026-05-27 17:06:35.966 [restartedMain] INFO  o.s.c.s.PostProcessorRegistrationDelegate$BeanPostProcessorChecker - Bean 'integrationChannelResolver' of type [org.springframework.integration.support.channel.BeanFactoryChannelResolver] is not eligible for getting processed by all BeanPostProcessors (for example: not eligible for auto-proxying) 
2026-05-27 17:06:36.542 [restartedMain] INFO  o.s.boot.web.embedded.tomcat.TomcatWebServer - Tomcat initialized with port(s): 8100 (http) 
2026-05-27 17:06:36.551 [restartedMain] INFO  org.apache.coyote.http11.Http11NioProtocol - Initializing ProtocolHandler ["http-nio-8100"] 
2026-05-27 17:06:36.551 [restartedMain] INFO  org.apache.catalina.core.StandardService - Starting service [Tomcat] 
2026-05-27 17:06:36.551 [restartedMain] INFO  org.apache.catalina.core.StandardEngine - Starting Servlet engine: [Apache Tomcat/9.0.69] 
2026-05-27 17:06:36.615 [restartedMain] INFO  o.a.c.core.ContainerBase.[Tomcat].[localhost].[/] - Initializing Spring embedded WebApplicationContext 
2026-05-27 17:06:36.615 [restartedMain] INFO  o.s.b.w.s.c.ServletWebServerApplicationContext - Root WebApplicationContext: initialization completed in 1607 ms 
2026-05-27 17:06:37.168 [restartedMain] INFO  iot.cloud.platform.thermometer.config.MqttConfig - 创建mqtt客户端ID:thermometer001 
2026-05-27 17:06:37.190 [restartedMain] INFO  com.zaxxer.hikari.HikariDataSource - HikariPool-1 - Starting... 
2026-05-27 17:06:37.322 [restartedMain] INFO  com.zaxxer.hikari.HikariDataSource - HikariPool-1 - Start completed. 
2026-05-27 17:06:37.361 [restartedMain] INFO  iot.cloud.platform.thermometer.config.MqttConfig - 加入订阅主题->/iot/cloud/devices/post_reply (qos=1) 
2026-05-27 17:06:37.361 [restartedMain] INFO  iot.cloud.platform.thermometer.config.MqttConfig - 加入订阅主题->/iot/cloud/devices/receive (qos=1) 
2026-05-27 17:06:37.366 [restartedMain] INFO  iot.cloud.platform.thermometer.config.MqttConfig - 接收主题->/iot/cloud/devices/receive 响应主题->/iot/cloud/devices/receive_reply 
2026-05-27 17:06:37.780 [restartedMain] INFO  o.s.b.d.autoconfigure.OptionalLiveReloadServer - LiveReload server is running on port 35729 
2026-05-27 17:06:37.912 [restartedMain] INFO  o.s.integration.endpoint.EventDrivenConsumer - Adding {logging-channel-adapter:_org.springframework.integration.errorLogger} as a subscriber to the 'errorChannel' channel 
2026-05-27 17:06:37.913 [restartedMain] INFO  o.s.integration.channel.PublishSubscribeChannel - Channel 'application.errorChannel' has 1 subscriber(s). 
2026-05-27 17:06:37.913 [restartedMain] INFO  o.s.integration.endpoint.EventDrivenConsumer - started bean '_org.springframework.integration.errorLogger' 
2026-05-27 17:06:37.913 [restartedMain] INFO  org.apache.coyote.http11.Http11NioProtocol - Starting ProtocolHandler ["http-nio-8100"] 
2026-05-27 17:06:37.942 [restartedMain] INFO  o.s.boot.web.embedded.tomcat.TomcatWebServer - Tomcat started on port(s): 8100 (http) with context path '' 
2026-05-27 17:06:37.953 [restartedMain] INFO  i.c.platform.thermometer.IoTThermometerApplication - Started IoTThermometerApplication in 3.328 seconds (JVM running for 3.796) 
2026-05-27 17:06:37.956 [restartedMain] INFO  iot.cloud.platform.thermometer.mqtt.MqttConsumer - 初始化并启动mqtt...... 
2026-05-27 17:06:42.036 [restartedMain] INFO  iot.cloud.platform.thermometer.mqtt.MqttConsumer - mqtt连接异常：org.eclipse.paho.client.mqttv3.internal.TCPNetworkModule.start(TCPNetworkModule.java:80)
org.eclipse.paho.client.mqttv3.internal.ClientComms$ConnectBG.run(ClientComms.java:724)
java.lang.Thread.run(Thread.java:750)
 
2026-05-27 17:06:42.038 [restartedMain] INFO  i.c.platform.thermometer.IoTThermometerApplication - http://localhost:8100/ 
2026-05-27 17:07:22.761 [http-nio-8100-exec-1] INFO  o.a.c.core.ContainerBase.[Tomcat].[localhost].[/] - Initializing Spring DispatcherServlet 'dispatcherServlet' 
2026-05-27 17:07:22.761 [http-nio-8100-exec-1] INFO  org.springframework.web.servlet.DispatcherServlet - Initializing Servlet 'dispatcherServlet' 
2026-05-27 17:07:22.764 [http-nio-8100-exec-1] INFO  org.springframework.web.servlet.DispatcherServlet - Completed initialization in 3 ms 
2026-05-27 17:17:59.820 [File Watcher] INFO  o.s.b.d.a.LocalDevToolsAutoConfiguration$RestartingClassPathChangeChangedEventListener - Restarting due to 1 class path change (0 additions, 0 deletions, 1 modification) 
2026-05-27 17:18:00.292 [Thread-6] INFO  org.apache.coyote.http11.Http11NioProtocol - Pausing ProtocolHandler ["http-nio-8100"] 
2026-05-27 17:18:00.292 [Thread-6] INFO  org.apache.catalina.core.StandardService - Stopping service [Tomcat] 
2026-05-27 17:18:00.293 [Thread-6] INFO  o.a.c.core.ContainerBase.[Tomcat].[localhost].[/] - Destroying Spring FrameworkServlet 'dispatcherServlet' 
2026-05-27 17:18:00.297 [Thread-6] INFO  org.apache.coyote.http11.Http11NioProtocol - Stopping ProtocolHandler ["http-nio-8100"] 
2026-05-27 17:18:00.300 [Thread-6] INFO  org.apache.coyote.http11.Http11NioProtocol - Destroying ProtocolHandler ["http-nio-8100"] 
2026-05-27 17:18:00.301 [Thread-6] INFO  o.s.integration.endpoint.EventDrivenConsumer - Removing {logging-channel-adapter:_org.springframework.integration.errorLogger} as a subscriber to the 'errorChannel' channel 
2026-05-27 17:18:00.301 [Thread-6] INFO  o.s.integration.channel.PublishSubscribeChannel - Channel 'application.errorChannel' has 0 subscriber(s). 
2026-05-27 17:18:00.302 [Thread-6] INFO  o.s.integration.endpoint.EventDrivenConsumer - stopped bean '_org.springframework.integration.errorLogger' 
2026-05-27 17:18:00.311 [Thread-6] INFO  com.zaxxer.hikari.HikariDataSource - HikariPool-1 - Shutdown initiated... 
2026-05-27 17:18:00.325 [Thread-6] INFO  com.zaxxer.hikari.HikariDataSource - HikariPool-1 - Shutdown completed. 
2026-05-27 17:18:00.528 [restartedMain] INFO  i.c.platform.thermometer.IoTThermometerApplication - Starting IoTThermometerApplication using Java 1.8.0_432 on Rozenn with PID 28052 (D:\ZK\Cloud\PTProject\iot-thermometer-init\target\classes started by Rozenn03 in D:\ZK\Cloud\PTProject\iot-thermometer-init) 
2026-05-27 17:18:00.530 [restartedMain] INFO  i.c.platform.thermometer.IoTThermometerApplication - No active profile set, falling back to 1 default profile: "default" 
2026-05-27 17:18:00.873 [restartedMain] INFO  o.s.i.c.DefaultConfiguringBeanFactoryPostProcessor - No bean named 'errorChannel' has been explicitly defined. Therefore, a default PublishSubscribeChannel will be created. 
2026-05-27 17:18:00.873 [restartedMain] INFO  o.s.i.c.DefaultConfiguringBeanFactoryPostProcessor - No bean named 'integrationHeaderChannelRegistry' has been explicitly defined. Therefore, a default DefaultHeaderChannelRegistry will be created. 
2026-05-27 17:18:01.077 [restartedMain] INFO  o.s.c.s.PostProcessorRegistrationDelegate$BeanPostProcessorChecker - Bean 'org.springframework.integration.config.IntegrationManagementConfiguration' of type [org.springframework.integration.config.IntegrationManagementConfiguration] is not eligible for getting processed by all BeanPostProcessors (for example: not eligible for auto-proxying) 
2026-05-27 17:18:01.082 [restartedMain] INFO  o.s.c.s.PostProcessorRegistrationDelegate$BeanPostProcessorChecker - Bean 'integrationChannelResolver' of type [org.springframework.integration.support.channel.BeanFactoryChannelResolver] is not eligible for getting processed by all BeanPostProcessors (for example: not eligible for auto-proxying) 
2026-05-27 17:18:01.206 [restartedMain] INFO  o.s.boot.web.embedded.tomcat.TomcatWebServer - Tomcat initialized with port(s): 8100 (http) 
2026-05-27 17:18:01.207 [restartedMain] INFO  org.apache.coyote.http11.Http11NioProtocol - Initializing ProtocolHandler ["http-nio-8100"] 
2026-05-27 17:18:01.208 [restartedMain] INFO  org.apache.catalina.core.StandardService - Starting service [Tomcat] 
2026-05-27 17:18:01.208 [restartedMain] INFO  org.apache.catalina.core.StandardEngine - Starting Servlet engine: [Apache Tomcat/9.0.69] 
2026-05-27 17:18:01.253 [restartedMain] INFO  o.a.c.core.ContainerBase.[Tomcat].[localhost].[/] - Initializing Spring embedded WebApplicationContext 
2026-05-27 17:18:01.253 [restartedMain] INFO  o.s.b.w.s.c.ServletWebServerApplicationContext - Root WebApplicationContext: initialization completed in 721 ms 
2026-05-27 17:18:01.585 [restartedMain] INFO  iot.cloud.platform.thermometer.config.MqttConfig - 创建mqtt客户端ID:thermometer001 
2026-05-27 17:18:01.590 [restartedMain] INFO  com.zaxxer.hikari.HikariDataSource - HikariPool-2 - Starting... 
2026-05-27 17:18:01.595 [restartedMain] INFO  com.zaxxer.hikari.HikariDataSource - HikariPool-2 - Start completed. 
2026-05-27 17:18:01.599 [restartedMain] INFO  iot.cloud.platform.thermometer.config.MqttConfig - 加入订阅主题->/iot/cloud/devices/post_reply (qos=1) 
2026-05-27 17:18:01.599 [restartedMain] INFO  iot.cloud.platform.thermometer.config.MqttConfig - 加入订阅主题->/iot/cloud/devices/receive (qos=1) 
2026-05-27 17:18:01.604 [restartedMain] INFO  iot.cloud.platform.thermometer.config.MqttConfig - 接收主题->/iot/cloud/devices/receive 响应主题->/iot/cloud/devices/receive_reply 
2026-05-27 17:18:01.730 [restartedMain] INFO  o.s.b.d.autoconfigure.OptionalLiveReloadServer - LiveReload server is running on port 35729 
2026-05-27 17:18:01.747 [restartedMain] INFO  o.s.integration.endpoint.EventDrivenConsumer - Adding {logging-channel-adapter:_org.springframework.integration.errorLogger} as a subscriber to the 'errorChannel' channel 
2026-05-27 17:18:01.747 [restartedMain] INFO  o.s.integration.channel.PublishSubscribeChannel - Channel 'application.errorChannel' has 1 subscriber(s). 
2026-05-27 17:18:01.747 [restartedMain] INFO  o.s.integration.endpoint.EventDrivenConsumer - started bean '_org.springframework.integration.errorLogger' 
2026-05-27 17:18:01.747 [restartedMain] INFO  org.apache.coyote.http11.Http11NioProtocol - Starting ProtocolHandler ["http-nio-8100"] 
2026-05-27 17:18:01.751 [restartedMain] INFO  o.s.boot.web.embedded.tomcat.TomcatWebServer - Tomcat started on port(s): 8100 (http) with context path '' 
2026-05-27 17:18:01.755 [restartedMain] INFO  i.c.platform.thermometer.IoTThermometerApplication - Started IoTThermometerApplication in 1.274 seconds (JVM running for 687.597) 
2026-05-27 17:18:01.756 [restartedMain] INFO  iot.cloud.platform.thermometer.mqtt.MqttConsumer - 初始化并启动mqtt...... 
2026-05-27 17:18:05.858 [restartedMain] INFO  iot.cloud.platform.thermometer.mqtt.MqttConsumer - mqtt连接异常：org.eclipse.paho.client.mqttv3.internal.TCPNetworkModule.start(TCPNetworkModule.java:80)
org.eclipse.paho.client.mqttv3.internal.ClientComms$ConnectBG.run(ClientComms.java:724)
java.lang.Thread.run(Thread.java:750)
 
2026-05-27 17:18:05.861 [restartedMain] INFO  o.s.b.d.a.ConditionEvaluationDeltaLoggingListener - Condition evaluation unchanged 
2026-05-27 17:18:05.864 [restartedMain] INFO  i.c.platform.thermometer.IoTThermometerApplication - http://localhost:8100/ 
2026-05-27 17:18:17.448 [File Watcher] INFO  o.s.b.d.a.LocalDevToolsAutoConfiguration$RestartingClassPathChangeChangedEventListener - Restarting due to 1 class path change (0 additions, 0 deletions, 1 modification) 
2026-05-27 17:18:17.945 [Thread-10] INFO  org.apache.coyote.http11.Http11NioProtocol - Pausing ProtocolHandler ["http-nio-8100"] 
2026-05-27 17:18:17.945 [Thread-10] INFO  org.apache.catalina.core.StandardService - Stopping service [Tomcat] 
2026-05-27 17:18:17.947 [Thread-10] INFO  org.apache.coyote.http11.Http11NioProtocol - Stopping ProtocolHandler ["http-nio-8100"] 
2026-05-27 17:18:17.950 [Thread-10] INFO  org.apache.coyote.http11.Http11NioProtocol - Destroying ProtocolHandler ["http-nio-8100"] 
2026-05-27 17:18:17.950 [Thread-10] INFO  o.s.integration.endpoint.EventDrivenConsumer - Removing {logging-channel-adapter:_org.springframework.integration.errorLogger} as a subscriber to the 'errorChannel' channel 
2026-05-27 17:18:17.950 [Thread-10] INFO  o.s.integration.channel.PublishSubscribeChannel - Channel 'application.errorChannel' has 0 subscriber(s). 
2026-05-27 17:18:17.952 [Thread-10] INFO  o.s.integration.endpoint.EventDrivenConsumer - stopped bean '_org.springframework.integration.errorLogger' 
2026-05-27 17:18:17.953 [Thread-10] INFO  com.zaxxer.hikari.HikariDataSource - HikariPool-2 - Shutdown initiated... 
2026-05-27 17:18:17.961 [Thread-10] INFO  com.zaxxer.hikari.HikariDataSource - HikariPool-2 - Shutdown completed. 
2026-05-27 17:18:18.126 [restartedMain] INFO  i.c.platform.thermometer.IoTThermometerApplication - Starting IoTThermometerApplication using Java 1.8.0_432 on Rozenn with PID 28052 (D:\ZK\Cloud\PTProject\iot-thermometer-init\target\classes started by Rozenn03 in D:\ZK\Cloud\PTProject\iot-thermometer-init) 
2026-05-27 17:18:18.126 [restartedMain] INFO  i.c.platform.thermometer.IoTThermometerApplication - No active profile set, falling back to 1 default profile: "default" 
2026-05-27 17:18:18.382 [restartedMain] INFO  o.s.i.c.DefaultConfiguringBeanFactoryPostProcessor - No bean named 'errorChannel' has been explicitly defined. Therefore, a default PublishSubscribeChannel will be created. 
2026-05-27 17:18:18.382 [restartedMain] INFO  o.s.i.c.DefaultConfiguringBeanFactoryPostProcessor - No bean named 'integrationHeaderChannelRegistry' has been explicitly defined. Therefore, a default DefaultHeaderChannelRegistry will be created. 
2026-05-27 17:18:18.415 [restartedMain] INFO  o.s.c.s.PostProcessorRegistrationDelegate$BeanPostProcessorChecker - Bean 'org.springframework.integration.config.IntegrationManagementConfiguration' of type [org.springframework.integration.config.IntegrationManagementConfiguration] is not eligible for getting processed by all BeanPostProcessors (for example: not eligible for auto-proxying) 
2026-05-27 17:18:18.417 [restartedMain] INFO  o.s.c.s.PostProcessorRegistrationDelegate$BeanPostProcessorChecker - Bean 'integrationChannelResolver' of type [org.springframework.integration.support.channel.BeanFactoryChannelResolver] is not eligible for getting processed by all BeanPostProcessors (for example: not eligible for auto-proxying) 
2026-05-27 17:18:18.447 [restartedMain] INFO  o.s.boot.web.embedded.tomcat.TomcatWebServer - Tomcat initialized with port(s): 8100 (http) 
2026-05-27 17:18:18.447 [restartedMain] INFO  org.apache.coyote.http11.Http11NioProtocol - Initializing ProtocolHandler ["http-nio-8100"] 
2026-05-27 17:18:18.447 [restartedMain] INFO  org.apache.catalina.core.StandardService - Starting service [Tomcat] 
2026-05-27 17:18:18.447 [restartedMain] INFO  org.apache.catalina.core.StandardEngine - Starting Servlet engine: [Apache Tomcat/9.0.69] 
2026-05-27 17:18:18.465 [restartedMain] INFO  o.a.c.core.ContainerBase.[Tomcat].[localhost].[/] - Initializing Spring embedded WebApplicationContext 
2026-05-27 17:18:18.465 [restartedMain] INFO  o.s.b.w.s.c.ServletWebServerApplicationContext - Root WebApplicationContext: initialization completed in 335 ms 
2026-05-27 17:18:18.565 [restartedMain] INFO  iot.cloud.platform.thermometer.config.MqttConfig - 创建mqtt客户端ID:thermometer001 
2026-05-27 17:18:18.570 [restartedMain] INFO  com.zaxxer.hikari.HikariDataSource - HikariPool-3 - Starting... 
2026-05-27 17:18:18.574 [restartedMain] INFO  com.zaxxer.hikari.HikariDataSource - HikariPool-3 - Start completed. 
2026-05-27 17:18:18.579 [restartedMain] INFO  iot.cloud.platform.thermometer.config.MqttConfig - 加入订阅主题->/iot/cloud/devices/post_reply (qos=1) 
2026-05-27 17:18:18.579 [restartedMain] INFO  iot.cloud.platform.thermometer.config.MqttConfig - 加入订阅主题->/iot/cloud/devices/receive (qos=1) 
2026-05-27 17:18:18.586 [restartedMain] INFO  iot.cloud.platform.thermometer.config.MqttConfig - 接收主题->/iot/cloud/devices/receive 响应主题->/iot/cloud/devices/receive_reply 
2026-05-27 17:18:18.738 [restartedMain] INFO  o.s.b.d.autoconfigure.OptionalLiveReloadServer - LiveReload server is running on port 35729 
2026-05-27 17:18:18.755 [restartedMain] INFO  o.s.integration.endpoint.EventDrivenConsumer - Adding {logging-channel-adapter:_org.springframework.integration.errorLogger} as a subscriber to the 'errorChannel' channel 
2026-05-27 17:18:18.755 [restartedMain] INFO  o.s.integration.channel.PublishSubscribeChannel - Channel 'application.errorChannel' has 1 subscriber(s). 
2026-05-27 17:18:18.755 [restartedMain] INFO  o.s.integration.endpoint.EventDrivenConsumer - started bean '_org.springframework.integration.errorLogger' 
2026-05-27 17:18:18.755 [restartedMain] INFO  org.apache.coyote.http11.Http11NioProtocol - Starting ProtocolHandler ["http-nio-8100"] 
2026-05-27 17:18:18.759 [restartedMain] INFO  o.s.boot.web.embedded.tomcat.TomcatWebServer - Tomcat started on port(s): 8100 (http) with context path '' 
2026-05-27 17:18:18.764 [restartedMain] INFO  i.c.platform.thermometer.IoTThermometerApplication - Started IoTThermometerApplication in 0.676 seconds (JVM running for 704.606) 
2026-05-27 17:18:18.765 [restartedMain] INFO  iot.cloud.platform.thermometer.mqtt.MqttConsumer - 初始化并启动mqtt...... 
2026-05-27 17:18:22.884 [restartedMain] INFO  iot.cloud.platform.thermometer.mqtt.MqttConsumer - mqtt连接异常：org.eclipse.paho.client.mqttv3.internal.TCPNetworkModule.start(TCPNetworkModule.java:80)
org.eclipse.paho.client.mqttv3.internal.ClientComms$ConnectBG.run(ClientComms.java:724)
java.lang.Thread.run(Thread.java:750)
 
2026-05-27 17:18:22.885 [restartedMain] INFO  o.s.b.d.a.ConditionEvaluationDeltaLoggingListener - Condition evaluation unchanged 
2026-05-27 17:18:22.886 [restartedMain] INFO  i.c.platform.thermometer.IoTThermometerApplication - http://localhost:8100/ 
2026-05-27 17:19:16.141 [SpringApplicationShutdownHook] INFO  o.s.integration.endpoint.EventDrivenConsumer - Removing {logging-channel-adapter:_org.springframework.integration.errorLogger} as a subscriber to the 'errorChannel' channel 
2026-05-27 17:19:16.142 [SpringApplicationShutdownHook] INFO  o.s.integration.channel.PublishSubscribeChannel - Channel 'application.errorChannel' has 0 subscriber(s). 
2026-05-27 17:19:16.142 [SpringApplicationShutdownHook] INFO  o.s.integration.endpoint.EventDrivenConsumer - stopped bean '_org.springframework.integration.errorLogger' 
2026-05-27 17:19:16.143 [SpringApplicationShutdownHook] INFO  com.zaxxer.hikari.HikariDataSource - HikariPool-3 - Shutdown initiated... 
2026-05-27 17:19:16.150 [SpringApplicationShutdownHook] INFO  com.zaxxer.hikari.HikariDataSource - HikariPool-3 - Shutdown completed. 
2026-05-27 17:19:21.745 [background-preinit] INFO  org.hibernate.validator.internal.util.Version - HV000001: Hibernate Validator 6.2.5.Final 
2026-05-27 17:19:21.748 [restartedMain] INFO  i.c.platform.thermometer.IoTThermometerApplication - Starting IoTThermometerApplication using Java 1.8.0_432 on Rozenn with PID 34364 (D:\ZK\Cloud\PTProject\iot-thermometer-init\target\classes started by Rozenn03 in D:\ZK\Cloud\PTProject\iot-thermometer-init) 
2026-05-27 17:19:21.748 [restartedMain] INFO  i.c.platform.thermometer.IoTThermometerApplication - No active profile set, falling back to 1 default profile: "default" 
2026-05-27 17:19:21.792 [restartedMain] INFO  o.s.b.d.env.DevToolsPropertyDefaultsPostProcessor - Devtools property defaults active! Set 'spring.devtools.add-properties' to 'false' to disable 
2026-05-27 17:19:21.793 [restartedMain] INFO  o.s.b.d.env.DevToolsPropertyDefaultsPostProcessor - For additional web related logging consider setting the 'logging.level.web' property to 'DEBUG' 
2026-05-27 17:19:22.472 [restartedMain] INFO  o.s.i.c.DefaultConfiguringBeanFactoryPostProcessor - No bean named 'errorChannel' has been explicitly defined. Therefore, a default PublishSubscribeChannel will be created. 
2026-05-27 17:19:22.484 [restartedMain] INFO  o.s.i.c.DefaultConfiguringBeanFactoryPostProcessor - No bean named 'integrationHeaderChannelRegistry' has been explicitly defined. Therefore, a default DefaultHeaderChannelRegistry will be created. 
2026-05-27 17:19:22.732 [restartedMain] INFO  o.s.c.s.PostProcessorRegistrationDelegate$BeanPostProcessorChecker - Bean 'org.springframework.integration.config.IntegrationManagementConfiguration' of type [org.springframework.integration.config.IntegrationManagementConfiguration] is not eligible for getting processed by all BeanPostProcessors (for example: not eligible for auto-proxying) 
2026-05-27 17:19:22.741 [restartedMain] INFO  o.s.c.s.PostProcessorRegistrationDelegate$BeanPostProcessorChecker - Bean 'integrationChannelResolver' of type [org.springframework.integration.support.channel.BeanFactoryChannelResolver] is not eligible for getting processed by all BeanPostProcessors (for example: not eligible for auto-proxying) 
2026-05-27 17:19:23.261 [restartedMain] INFO  o.s.boot.web.embedded.tomcat.TomcatWebServer - Tomcat initialized with port(s): 8100 (http) 
2026-05-27 17:19:23.270 [restartedMain] INFO  org.apache.coyote.http11.Http11NioProtocol - Initializing ProtocolHandler ["http-nio-8100"] 
2026-05-27 17:19:23.270 [restartedMain] INFO  org.apache.catalina.core.StandardService - Starting service [Tomcat] 
2026-05-27 17:19:23.271 [restartedMain] INFO  org.apache.catalina.core.StandardEngine - Starting Servlet engine: [Apache Tomcat/9.0.69] 
2026-05-27 17:19:23.329 [restartedMain] INFO  o.a.c.core.ContainerBase.[Tomcat].[localhost].[/] - Initializing Spring embedded WebApplicationContext 
2026-05-27 17:19:23.329 [restartedMain] INFO  o.s.b.w.s.c.ServletWebServerApplicationContext - Root WebApplicationContext: initialization completed in 1536 ms 
2026-05-27 17:19:23.813 [restartedMain] INFO  iot.cloud.platform.thermometer.config.MqttConfig - 创建mqtt客户端ID:thermometer001 
2026-05-27 17:19:23.835 [restartedMain] INFO  com.zaxxer.hikari.HikariDataSource - HikariPool-1 - Starting... 
2026-05-27 17:19:23.964 [restartedMain] INFO  com.zaxxer.hikari.HikariDataSource - HikariPool-1 - Start completed. 
2026-05-27 17:19:24.001 [restartedMain] INFO  iot.cloud.platform.thermometer.config.MqttConfig - 加入订阅主题->/iot/cloud/devices/post_reply (qos=1) 
2026-05-27 17:19:24.001 [restartedMain] INFO  iot.cloud.platform.thermometer.config.MqttConfig - 加入订阅主题->/iot/cloud/devices/receive (qos=1) 
2026-05-27 17:19:24.006 [restartedMain] INFO  iot.cloud.platform.thermometer.config.MqttConfig - 接收主题->/iot/cloud/devices/receive 响应主题->/iot/cloud/devices/receive_reply 
2026-05-27 17:19:24.462 [restartedMain] INFO  o.s.b.d.autoconfigure.OptionalLiveReloadServer - LiveReload server is running on port 35729 
2026-05-27 17:19:24.590 [restartedMain] INFO  o.s.integration.endpoint.EventDrivenConsumer - Adding {logging-channel-adapter:_org.springframework.integration.errorLogger} as a subscriber to the 'errorChannel' channel 
2026-05-27 17:19:24.591 [restartedMain] INFO  o.s.integration.channel.PublishSubscribeChannel - Channel 'application.errorChannel' has 1 subscriber(s). 
2026-05-27 17:19:24.591 [restartedMain] INFO  o.s.integration.endpoint.EventDrivenConsumer - started bean '_org.springframework.integration.errorLogger' 
2026-05-27 17:19:24.591 [restartedMain] INFO  org.apache.coyote.http11.Http11NioProtocol - Starting ProtocolHandler ["http-nio-8100"] 
2026-05-27 17:19:24.607 [restartedMain] INFO  o.s.boot.web.embedded.tomcat.TomcatWebServer - Tomcat started on port(s): 8100 (http) with context path '' 
2026-05-27 17:19:24.617 [restartedMain] INFO  i.c.platform.thermometer.IoTThermometerApplication - Started IoTThermometerApplication in 3.18 seconds (JVM running for 3.601) 
2026-05-27 17:19:24.618 [restartedMain] INFO  iot.cloud.platform.thermometer.mqtt.MqttConsumer - 初始化并启动mqtt...... 
2026-05-27 17:19:28.706 [restartedMain] INFO  iot.cloud.platform.thermometer.mqtt.MqttConsumer - mqtt连接异常：org.eclipse.paho.client.mqttv3.internal.TCPNetworkModule.start(TCPNetworkModule.java:80)
org.eclipse.paho.client.mqttv3.internal.ClientComms$ConnectBG.run(ClientComms.java:724)
java.lang.Thread.run(Thread.java:750)
 
2026-05-27 17:19:28.708 [restartedMain] INFO  i.c.platform.thermometer.IoTThermometerApplication - http://localhost:8100/ 
2026-05-27 17:19:32.216 [http-nio-8100-exec-1] INFO  o.a.c.core.ContainerBase.[Tomcat].[localhost].[/] - Initializing Spring DispatcherServlet 'dispatcherServlet' 
2026-05-27 17:19:32.216 [http-nio-8100-exec-1] INFO  org.springframework.web.servlet.DispatcherServlet - Initializing Servlet 'dispatcherServlet' 
2026-05-27 17:19:32.217 [http-nio-8100-exec-1] INFO  org.springframework.web.servlet.DispatcherServlet - Completed initialization in 1 ms 
2026-05-27 17:20:02.552 [SpringApplicationShutdownHook] INFO  o.s.integration.endpoint.EventDrivenConsumer - Removing {logging-channel-adapter:_org.springframework.integration.errorLogger} as a subscriber to the 'errorChannel' channel 
2026-05-27 17:20:02.552 [SpringApplicationShutdownHook] INFO  o.s.integration.channel.PublishSubscribeChannel - Channel 'application.errorChannel' has 0 subscriber(s). 
2026-05-27 17:20:02.552 [SpringApplicationShutdownHook] INFO  o.s.integration.endpoint.EventDrivenConsumer - stopped bean '_org.springframework.integration.errorLogger' 
2026-05-27 17:20:02.556 [SpringApplicationShutdownHook] INFO  com.zaxxer.hikari.HikariDataSource - HikariPool-1 - Shutdown initiated... 
2026-05-27 17:20:02.565 [SpringApplicationShutdownHook] INFO  com.zaxxer.hikari.HikariDataSource - HikariPool-1 - Shutdown completed. 
2026-05-27 17:20:19.942 [background-preinit] INFO  org.hibernate.validator.internal.util.Version - HV000001: Hibernate Validator 6.2.5.Final 
2026-05-27 17:20:19.946 [restartedMain] INFO  i.c.platform.thermometer.IoTThermometerApplication - Starting IoTThermometerApplication using Java 1.8.0_432 on Rozenn with PID 3076 (D:\ZK\Cloud\PTProject\iot-thermometer-init\target\classes started by Rozenn03 in D:\ZK\Cloud\PTProject\iot-thermometer-init) 
2026-05-27 17:20:19.946 [restartedMain] INFO  i.c.platform.thermometer.IoTThermometerApplication - No active profile set, falling back to 1 default profile: "default" 
2026-05-27 17:20:19.993 [restartedMain] INFO  o.s.b.d.env.DevToolsPropertyDefaultsPostProcessor - Devtools property defaults active! Set 'spring.devtools.add-properties' to 'false' to disable 
2026-05-27 17:20:19.993 [restartedMain] INFO  o.s.b.d.env.DevToolsPropertyDefaultsPostProcessor - For additional web related logging consider setting the 'logging.level.web' property to 'DEBUG' 
2026-05-27 17:20:20.687 [restartedMain] INFO  o.s.i.c.DefaultConfiguringBeanFactoryPostProcessor - No bean named 'errorChannel' has been explicitly defined. Therefore, a default PublishSubscribeChannel will be created. 
2026-05-27 17:20:20.699 [restartedMain] INFO  o.s.i.c.DefaultConfiguringBeanFactoryPostProcessor - No bean named 'integrationHeaderChannelRegistry' has been explicitly defined. Therefore, a default DefaultHeaderChannelRegistry will be created. 
2026-05-27 17:20:20.950 [restartedMain] INFO  o.s.c.s.PostProcessorRegistrationDelegate$BeanPostProcessorChecker - Bean 'org.springframework.integration.config.IntegrationManagementConfiguration' of type [org.springframework.integration.config.IntegrationManagementConfiguration] is not eligible for getting processed by all BeanPostProcessors (for example: not eligible for auto-proxying) 
2026-05-27 17:20:20.957 [restartedMain] INFO  o.s.c.s.PostProcessorRegistrationDelegate$BeanPostProcessorChecker - Bean 'integrationChannelResolver' of type [org.springframework.integration.support.channel.BeanFactoryChannelResolver] is not eligible for getting processed by all BeanPostProcessors (for example: not eligible for auto-proxying) 
2026-05-27 17:20:21.503 [restartedMain] INFO  o.s.boot.web.embedded.tomcat.TomcatWebServer - Tomcat initialized with port(s): 8100 (http) 
2026-05-27 17:20:21.512 [restartedMain] INFO  org.apache.coyote.http11.Http11NioProtocol - Initializing ProtocolHandler ["http-nio-8100"] 
2026-05-27 17:20:21.513 [restartedMain] INFO  org.apache.catalina.core.StandardService - Starting service [Tomcat] 
2026-05-27 17:20:21.513 [restartedMain] INFO  org.apache.catalina.core.StandardEngine - Starting Servlet engine: [Apache Tomcat/9.0.69] 
2026-05-27 17:20:21.568 [restartedMain] INFO  o.a.c.core.ContainerBase.[Tomcat].[localhost].[/] - Initializing Spring embedded WebApplicationContext 
2026-05-27 17:20:21.568 [restartedMain] INFO  o.s.b.w.s.c.ServletWebServerApplicationContext - Root WebApplicationContext: initialization completed in 1575 ms 
2026-05-27 17:20:22.079 [restartedMain] INFO  iot.cloud.platform.thermometer.config.MqttConfig - 创建mqtt客户端ID:thermometer001 
2026-05-27 17:20:22.102 [restartedMain] INFO  com.zaxxer.hikari.HikariDataSource - HikariPool-1 - Starting... 
2026-05-27 17:20:22.228 [restartedMain] INFO  com.zaxxer.hikari.HikariDataSource - HikariPool-1 - Start completed. 
2026-05-27 17:20:22.266 [restartedMain] INFO  iot.cloud.platform.thermometer.config.MqttConfig - 加入订阅主题->/iot/cloud/devices/post_reply (qos=1) 
2026-05-27 17:20:22.267 [restartedMain] INFO  iot.cloud.platform.thermometer.config.MqttConfig - 加入订阅主题->/iot/cloud/devices/receive (qos=1) 
2026-05-27 17:20:22.267 [restartedMain] INFO  iot.cloud.platform.thermometer.config.MqttConfig - 加入订阅主题->/iot/cloud/devices/post_reply (qos=1) 
2026-05-27 17:20:22.267 [restartedMain] INFO  iot.cloud.platform.thermometer.config.MqttConfig - 加入订阅主题->/iot/cloud/devices/receive (qos=1) 
2026-05-27 17:20:22.272 [restartedMain] INFO  iot.cloud.platform.thermometer.config.MqttConfig - 接收主题->/iot/cloud/devices/receive 响应主题->/iot/cloud/devices/receive_reply 
2026-05-27 17:20:22.729 [restartedMain] INFO  o.s.b.d.autoconfigure.OptionalLiveReloadServer - LiveReload server is running on port 35729 
2026-05-27 17:20:22.852 [restartedMain] INFO  o.s.integration.endpoint.EventDrivenConsumer - Adding {logging-channel-adapter:_org.springframework.integration.errorLogger} as a subscriber to the 'errorChannel' channel 
2026-05-27 17:20:22.854 [restartedMain] INFO  o.s.integration.channel.PublishSubscribeChannel - Channel 'application.errorChannel' has 1 subscriber(s). 
2026-05-27 17:20:22.854 [restartedMain] INFO  o.s.integration.endpoint.EventDrivenConsumer - started bean '_org.springframework.integration.errorLogger' 
2026-05-27 17:20:22.854 [restartedMain] INFO  org.apache.coyote.http11.Http11NioProtocol - Starting ProtocolHandler ["http-nio-8100"] 
2026-05-27 17:20:22.876 [restartedMain] INFO  o.s.boot.web.embedded.tomcat.TomcatWebServer - Tomcat started on port(s): 8100 (http) with context path '' 
2026-05-27 17:20:22.887 [restartedMain] INFO  i.c.platform.thermometer.IoTThermometerApplication - Started IoTThermometerApplication in 3.263 seconds (JVM running for 3.681) 
2026-05-27 17:20:22.890 [restartedMain] INFO  iot.cloud.platform.thermometer.mqtt.MqttConsumer - 初始化并启动mqtt...... 
2026-05-27 17:20:26.974 [restartedMain] INFO  iot.cloud.platform.thermometer.mqtt.MqttConsumer - mqtt连接异常：org.eclipse.paho.client.mqttv3.internal.TCPNetworkModule.start(TCPNetworkModule.java:80)
org.eclipse.paho.client.mqttv3.internal.ClientComms$ConnectBG.run(ClientComms.java:724)
java.lang.Thread.run(Thread.java:750)
 
2026-05-27 17:20:26.976 [restartedMain] INFO  i.c.platform.thermometer.IoTThermometerApplication - http://localhost:8100/ 
2026-05-27 17:20:27.232 [http-nio-8100-exec-1] INFO  o.a.c.core.ContainerBase.[Tomcat].[localhost].[/] - Initializing Spring DispatcherServlet 'dispatcherServlet' 
2026-05-27 17:20:27.232 [http-nio-8100-exec-1] INFO  org.springframework.web.servlet.DispatcherServlet - Initializing Servlet 'dispatcherServlet' 
2026-05-27 17:20:27.234 [http-nio-8100-exec-1] INFO  org.springframework.web.servlet.DispatcherServlet - Completed initialization in 0 ms 
2026-05-27 17:22:31.587 [File Watcher] INFO  o.s.b.d.a.LocalDevToolsAutoConfiguration$RestartingClassPathChangeChangedEventListener - Restarting due to 2 class path changes (0 additions, 0 deletions, 2 modifications) 
2026-05-27 17:22:32.061 [Thread-6] INFO  org.apache.coyote.http11.Http11NioProtocol - Pausing ProtocolHandler ["http-nio-8100"] 
2026-05-27 17:22:32.061 [Thread-6] INFO  org.apache.catalina.core.StandardService - Stopping service [Tomcat] 
2026-05-27 17:22:32.062 [Thread-6] INFO  o.a.c.core.ContainerBase.[Tomcat].[localhost].[/] - Destroying Spring FrameworkServlet 'dispatcherServlet' 
2026-05-27 17:22:32.066 [Thread-6] INFO  org.apache.coyote.http11.Http11NioProtocol - Stopping ProtocolHandler ["http-nio-8100"] 
2026-05-27 17:22:32.070 [Thread-6] INFO  org.apache.coyote.http11.Http11NioProtocol - Destroying ProtocolHandler ["http-nio-8100"] 
2026-05-27 17:22:32.071 [Thread-6] INFO  o.s.integration.endpoint.EventDrivenConsumer - Removing {logging-channel-adapter:_org.springframework.integration.errorLogger} as a subscriber to the 'errorChannel' channel 
2026-05-27 17:22:32.071 [Thread-6] INFO  o.s.integration.channel.PublishSubscribeChannel - Channel 'application.errorChannel' has 0 subscriber(s). 
2026-05-27 17:22:32.071 [Thread-6] INFO  o.s.integration.endpoint.EventDrivenConsumer - stopped bean '_org.springframework.integration.errorLogger' 
2026-05-27 17:22:32.078 [Thread-6] INFO  com.zaxxer.hikari.HikariDataSource - HikariPool-1 - Shutdown initiated... 
2026-05-27 17:22:32.088 [Thread-6] INFO  com.zaxxer.hikari.HikariDataSource - HikariPool-1 - Shutdown completed. 
2026-05-27 17:22:32.320 [restartedMain] INFO  i.c.platform.thermometer.IoTThermometerApplication - Starting IoTThermometerApplication using Java 1.8.0_432 on Rozenn with PID 3076 (D:\ZK\Cloud\PTProject\iot-thermometer-init\target\classes started by Rozenn03 in D:\ZK\Cloud\PTProject\iot-thermometer-init) 
2026-05-27 17:22:32.320 [restartedMain] INFO  i.c.platform.thermometer.IoTThermometerApplication - No active profile set, falling back to 1 default profile: "default" 
2026-05-27 17:22:32.780 [restartedMain] INFO  o.s.i.c.DefaultConfiguringBeanFactoryPostProcessor - No bean named 'errorChannel' has been explicitly defined. Therefore, a default PublishSubscribeChannel will be created. 
2026-05-27 17:22:32.780 [restartedMain] INFO  o.s.i.c.DefaultConfiguringBeanFactoryPostProcessor - No bean named 'integrationHeaderChannelRegistry' has been explicitly defined. Therefore, a default DefaultHeaderChannelRegistry will be created. 
2026-05-27 17:22:32.931 [restartedMain] INFO  o.s.c.s.PostProcessorRegistrationDelegate$BeanPostProcessorChecker - Bean 'org.springframework.integration.config.IntegrationManagementConfiguration' of type [org.springframework.integration.config.IntegrationManagementConfiguration] is not eligible for getting processed by all BeanPostProcessors (for example: not eligible for auto-proxying) 
2026-05-27 17:22:32.932 [restartedMain] INFO  o.s.c.s.PostProcessorRegistrationDelegate$BeanPostProcessorChecker - Bean 'integrationChannelResolver' of type [org.springframework.integration.support.channel.BeanFactoryChannelResolver] is not eligible for getting processed by all BeanPostProcessors (for example: not eligible for auto-proxying) 
2026-05-27 17:22:33.156 [restartedMain] INFO  o.s.boot.web.embedded.tomcat.TomcatWebServer - Tomcat initialized with port(s): 8100 (http) 
2026-05-27 17:22:33.157 [restartedMain] INFO  org.apache.coyote.http11.Http11NioProtocol - Initializing ProtocolHandler ["http-nio-8100"] 
2026-05-27 17:22:33.157 [restartedMain] INFO  org.apache.catalina.core.StandardService - Starting service [Tomcat] 
2026-05-27 17:22:33.157 [restartedMain] INFO  org.apache.catalina.core.StandardEngine - Starting Servlet engine: [Apache Tomcat/9.0.69] 
2026-05-27 17:22:33.184 [restartedMain] INFO  o.a.c.core.ContainerBase.[Tomcat].[localhost].[/] - Initializing Spring embedded WebApplicationContext 
2026-05-27 17:22:33.184 [restartedMain] INFO  o.s.b.w.s.c.ServletWebServerApplicationContext - Root WebApplicationContext: initialization completed in 860 ms 
2026-05-27 17:22:33.343 [restartedMain] INFO  iot.cloud.platform.thermometer.config.MqttConfig - 创建mqtt客户端ID:thermometer001 
2026-05-27 17:22:33.350 [restartedMain] INFO  com.zaxxer.hikari.HikariDataSource - HikariPool-2 - Starting... 
2026-05-27 17:22:33.354 [restartedMain] INFO  com.zaxxer.hikari.HikariDataSource - HikariPool-2 - Start completed. 
2026-05-27 17:22:33.358 [restartedMain] INFO  iot.cloud.platform.thermometer.config.MqttConfig - 加入订阅主题->/iot/cloud/devices/post_reply (qos=1) 
2026-05-27 17:22:33.358 [restartedMain] INFO  iot.cloud.platform.thermometer.config.MqttConfig - 加入订阅主题->/iot/cloud/devices/receive (qos=1) 
2026-05-27 17:22:33.359 [restartedMain] INFO  iot.cloud.platform.thermometer.config.MqttConfig - 加入订阅主题->/iot/cloud/devices/post_reply (qos=1) 
2026-05-27 17:22:33.359 [restartedMain] INFO  iot.cloud.platform.thermometer.config.MqttConfig - 加入订阅主题->/iot/cloud/devices/receive (qos=1) 
2026-05-27 17:22:33.363 [restartedMain] INFO  iot.cloud.platform.thermometer.config.MqttConfig - 接收主题->/iot/cloud/devices/receive 响应主题->/iot/cloud/devices/receive_reply 
2026-05-27 17:22:33.526 [restartedMain] INFO  o.s.b.d.autoconfigure.OptionalLiveReloadServer - LiveReload server is running on port 35729 
2026-05-27 17:22:33.542 [restartedMain] INFO  o.s.integration.endpoint.EventDrivenConsumer - Adding {logging-channel-adapter:_org.springframework.integration.errorLogger} as a subscriber to the 'errorChannel' channel 
2026-05-27 17:22:33.542 [restartedMain] INFO  o.s.integration.channel.PublishSubscribeChannel - Channel 'application.errorChannel' has 1 subscriber(s). 
2026-05-27 17:22:33.542 [restartedMain] INFO  o.s.integration.endpoint.EventDrivenConsumer - started bean '_org.springframework.integration.errorLogger' 
2026-05-27 17:22:33.544 [restartedMain] INFO  org.apache.coyote.http11.Http11NioProtocol - Starting ProtocolHandler ["http-nio-8100"] 
2026-05-27 17:22:33.546 [restartedMain] INFO  o.s.boot.web.embedded.tomcat.TomcatWebServer - Tomcat started on port(s): 8100 (http) with context path '' 
2026-05-27 17:22:33.550 [restartedMain] INFO  i.c.platform.thermometer.IoTThermometerApplication - Started IoTThermometerApplication in 1.29 seconds (JVM running for 134.344) 
2026-05-27 17:22:33.551 [restartedMain] INFO  iot.cloud.platform.thermometer.mqtt.MqttConsumer - 初始化并启动mqtt...... 
2026-05-27 17:22:37.621 [restartedMain] INFO  iot.cloud.platform.thermometer.mqtt.MqttConsumer - mqtt连接异常：org.eclipse.paho.client.mqttv3.internal.TCPNetworkModule.start(TCPNetworkModule.java:80)
org.eclipse.paho.client.mqttv3.internal.ClientComms$ConnectBG.run(ClientComms.java:724)
java.lang.Thread.run(Thread.java:750)
 
2026-05-27 17:22:37.623 [restartedMain] INFO  o.s.b.d.a.ConditionEvaluationDeltaLoggingListener - Condition evaluation unchanged 
2026-05-27 17:22:37.623 [restartedMain] INFO  i.c.platform.thermometer.IoTThermometerApplication - http://localhost:8100/ 
2026-05-27 17:22:53.317 [File Watcher] INFO  o.s.b.d.a.LocalDevToolsAutoConfiguration$RestartingClassPathChangeChangedEventListener - Restarting due to 1 class path change (0 additions, 0 deletions, 1 modification) 
2026-05-27 17:22:53.845 [Thread-10] INFO  org.apache.coyote.http11.Http11NioProtocol - Pausing ProtocolHandler ["http-nio-8100"] 
2026-05-27 17:22:53.845 [Thread-10] INFO  org.apache.catalina.core.StandardService - Stopping service [Tomcat] 
2026-05-27 17:22:53.854 [Thread-10] INFO  org.apache.coyote.http11.Http11NioProtocol - Stopping ProtocolHandler ["http-nio-8100"] 
2026-05-27 17:22:53.861 [Thread-10] INFO  org.apache.coyote.http11.Http11NioProtocol - Destroying ProtocolHandler ["http-nio-8100"] 
2026-05-27 17:22:53.861 [Thread-10] INFO  o.s.integration.endpoint.EventDrivenConsumer - Removing {logging-channel-adapter:_org.springframework.integration.errorLogger} as a subscriber to the 'errorChannel' channel 
2026-05-27 17:22:53.861 [Thread-10] INFO  o.s.integration.channel.PublishSubscribeChannel - Channel 'application.errorChannel' has 0 subscriber(s). 
2026-05-27 17:22:53.862 [Thread-10] INFO  o.s.integration.endpoint.EventDrivenConsumer - stopped bean '_org.springframework.integration.errorLogger' 
2026-05-27 17:22:53.868 [Thread-10] INFO  com.zaxxer.hikari.HikariDataSource - HikariPool-2 - Shutdown initiated... 
2026-05-27 17:22:53.877 [Thread-10] INFO  com.zaxxer.hikari.HikariDataSource - HikariPool-2 - Shutdown completed. 
2026-05-27 17:22:54.112 [restartedMain] INFO  i.c.platform.thermometer.IoTThermometerApplication - Starting IoTThermometerApplication using Java 1.8.0_432 on Rozenn with PID 3076 (D:\ZK\Cloud\PTProject\iot-thermometer-init\target\classes started by Rozenn03 in D:\ZK\Cloud\PTProject\iot-thermometer-init) 
2026-05-27 17:22:54.113 [restartedMain] INFO  i.c.platform.thermometer.IoTThermometerApplication - No active profile set, falling back to 1 default profile: "default" 
2026-05-27 17:22:54.394 [restartedMain] INFO  o.s.i.c.DefaultConfiguringBeanFactoryPostProcessor - No bean named 'errorChannel' has been explicitly defined. Therefore, a default PublishSubscribeChannel will be created. 
2026-05-27 17:22:54.394 [restartedMain] INFO  o.s.i.c.DefaultConfiguringBeanFactoryPostProcessor - No bean named 'integrationHeaderChannelRegistry' has been explicitly defined. Therefore, a default DefaultHeaderChannelRegistry will be created. 
2026-05-27 17:22:54.426 [restartedMain] INFO  o.s.c.s.PostProcessorRegistrationDelegate$BeanPostProcessorChecker - Bean 'org.springframework.integration.config.IntegrationManagementConfiguration' of type [org.springframework.integration.config.IntegrationManagementConfiguration] is not eligible for getting processed by all BeanPostProcessors (for example: not eligible for auto-proxying) 
2026-05-27 17:22:54.428 [restartedMain] INFO  o.s.c.s.PostProcessorRegistrationDelegate$BeanPostProcessorChecker - Bean 'integrationChannelResolver' of type [org.springframework.integration.support.channel.BeanFactoryChannelResolver] is not eligible for getting processed by all BeanPostProcessors (for example: not eligible for auto-proxying) 
2026-05-27 17:22:54.462 [restartedMain] INFO  o.s.boot.web.embedded.tomcat.TomcatWebServer - Tomcat initialized with port(s): 8100 (http) 
2026-05-27 17:22:54.463 [restartedMain] INFO  org.apache.coyote.http11.Http11NioProtocol - Initializing ProtocolHandler ["http-nio-8100"] 
2026-05-27 17:22:54.463 [restartedMain] INFO  org.apache.catalina.core.StandardService - Starting service [Tomcat] 
2026-05-27 17:22:54.463 [restartedMain] INFO  org.apache.catalina.core.StandardEngine - Starting Servlet engine: [Apache Tomcat/9.0.69] 
2026-05-27 17:22:54.480 [restartedMain] INFO  o.a.c.core.ContainerBase.[Tomcat].[localhost].[/] - Initializing Spring embedded WebApplicationContext 
2026-05-27 17:22:54.481 [restartedMain] INFO  o.s.b.w.s.c.ServletWebServerApplicationContext - Root WebApplicationContext: initialization completed in 365 ms 
2026-05-27 17:22:54.595 [restartedMain] INFO  iot.cloud.platform.thermometer.config.MqttConfig - 创建mqtt客户端ID:thermometer001 
2026-05-27 17:22:54.624 [restartedMain] INFO  com.zaxxer.hikari.HikariDataSource - HikariPool-3 - Starting... 
2026-05-27 17:22:54.631 [restartedMain] INFO  com.zaxxer.hikari.HikariDataSource - HikariPool-3 - Start completed. 
2026-05-27 17:22:54.637 [restartedMain] INFO  iot.cloud.platform.thermometer.config.MqttConfig - 加入订阅主题->/iot/cloud/devices/post_reply (qos=1) 
2026-05-27 17:22:54.638 [restartedMain] INFO  iot.cloud.platform.thermometer.config.MqttConfig - 加入订阅主题->/iot/cloud/devices/receive (qos=1) 
2026-05-27 17:22:54.638 [restartedMain] INFO  iot.cloud.platform.thermometer.config.MqttConfig - 加入订阅主题->/iot/cloud/devices/post_reply (qos=1) 
2026-05-27 17:22:54.638 [restartedMain] INFO  iot.cloud.platform.thermometer.config.MqttConfig - 加入订阅主题->/iot/cloud/devices/receive (qos=1) 
2026-05-27 17:22:54.642 [restartedMain] INFO  iot.cloud.platform.thermometer.config.MqttConfig - 接收主题->/iot/cloud/devices/receive 响应主题->/iot/cloud/devices/receive_reply 
2026-05-27 17:22:54.823 [restartedMain] INFO  o.s.b.d.autoconfigure.OptionalLiveReloadServer - LiveReload server is running on port 35729 
2026-05-27 17:22:54.840 [restartedMain] INFO  o.s.integration.endpoint.EventDrivenConsumer - Adding {logging-channel-adapter:_org.springframework.integration.errorLogger} as a subscriber to the 'errorChannel' channel 
2026-05-27 17:22:54.840 [restartedMain] INFO  o.s.integration.channel.PublishSubscribeChannel - Channel 'application.errorChannel' has 1 subscriber(s). 
2026-05-27 17:22:54.840 [restartedMain] INFO  o.s.integration.endpoint.EventDrivenConsumer - started bean '_org.springframework.integration.errorLogger' 
2026-05-27 17:22:54.841 [restartedMain] INFO  org.apache.coyote.http11.Http11NioProtocol - Starting ProtocolHandler ["http-nio-8100"] 
2026-05-27 17:22:54.844 [restartedMain] INFO  o.s.boot.web.embedded.tomcat.TomcatWebServer - Tomcat started on port(s): 8100 (http) with context path '' 
2026-05-27 17:22:54.847 [restartedMain] INFO  i.c.platform.thermometer.IoTThermometerApplication - Started IoTThermometerApplication in 0.79 seconds (JVM running for 155.641) 
2026-05-27 17:22:54.849 [restartedMain] INFO  iot.cloud.platform.thermometer.mqtt.MqttConsumer - 初始化并启动mqtt...... 
2026-05-27 17:22:58.965 [restartedMain] INFO  iot.cloud.platform.thermometer.mqtt.MqttConsumer - mqtt连接异常：org.eclipse.paho.client.mqttv3.internal.TCPNetworkModule.start(TCPNetworkModule.java:80)
org.eclipse.paho.client.mqttv3.internal.ClientComms$ConnectBG.run(ClientComms.java:724)
java.lang.Thread.run(Thread.java:750)
 
2026-05-27 17:22:58.966 [restartedMain] INFO  o.s.b.d.a.ConditionEvaluationDeltaLoggingListener - Condition evaluation unchanged 
2026-05-27 17:22:58.967 [restartedMain] INFO  i.c.platform.thermometer.IoTThermometerApplication - http://localhost:8100/ 
2026-05-27 17:26:57.561 [File Watcher] INFO  o.s.b.d.a.LocalDevToolsAutoConfiguration$RestartingClassPathChangeChangedEventListener - Restarting due to 1 class path change (0 additions, 0 deletions, 1 modification) 
2026-05-27 17:26:58.041 [Thread-16] INFO  org.apache.coyote.http11.Http11NioProtocol - Pausing ProtocolHandler ["http-nio-8100"] 
2026-05-27 17:26:58.041 [Thread-16] INFO  org.apache.catalina.core.StandardService - Stopping service [Tomcat] 
2026-05-27 17:26:58.049 [Thread-16] INFO  org.apache.coyote.http11.Http11NioProtocol - Stopping ProtocolHandler ["http-nio-8100"] 
2026-05-27 17:26:58.052 [Thread-16] INFO  org.apache.coyote.http11.Http11NioProtocol - Destroying ProtocolHandler ["http-nio-8100"] 
2026-05-27 17:26:58.053 [Thread-16] INFO  o.s.integration.endpoint.EventDrivenConsumer - Removing {logging-channel-adapter:_org.springframework.integration.errorLogger} as a subscriber to the 'errorChannel' channel 
2026-05-27 17:26:58.054 [Thread-16] INFO  o.s.integration.channel.PublishSubscribeChannel - Channel 'application.errorChannel' has 0 subscriber(s). 
2026-05-27 17:26:58.054 [Thread-16] INFO  o.s.integration.endpoint.EventDrivenConsumer - stopped bean '_org.springframework.integration.errorLogger' 
2026-05-27 17:26:58.061 [Thread-16] INFO  com.zaxxer.hikari.HikariDataSource - HikariPool-3 - Shutdown initiated... 
2026-05-27 17:26:58.071 [Thread-16] INFO  com.zaxxer.hikari.HikariDataSource - HikariPool-3 - Shutdown completed. 
2026-05-27 17:26:58.270 [restartedMain] INFO  i.c.platform.thermometer.IoTThermometerApplication - Starting IoTThermometerApplication using Java 1.8.0_432 on Rozenn with PID 3076 (D:\ZK\Cloud\PTProject\iot-thermometer-init\target\classes started by Rozenn03 in D:\ZK\Cloud\PTProject\iot-thermometer-init) 
2026-05-27 17:26:58.270 [restartedMain] INFO  i.c.platform.thermometer.IoTThermometerApplication - No active profile set, falling back to 1 default profile: "default" 
2026-05-27 17:26:58.488 [restartedMain] INFO  o.s.i.c.DefaultConfiguringBeanFactoryPostProcessor - No bean named 'errorChannel' has been explicitly defined. Therefore, a default PublishSubscribeChannel will be created. 
2026-05-27 17:26:58.491 [restartedMain] INFO  o.s.i.c.DefaultConfiguringBeanFactoryPostProcessor - No bean named 'integrationHeaderChannelRegistry' has been explicitly defined. Therefore, a default DefaultHeaderChannelRegistry will be created. 
2026-05-27 17:26:58.520 [restartedMain] INFO  o.s.c.s.PostProcessorRegistrationDelegate$BeanPostProcessorChecker - Bean 'org.springframework.integration.config.IntegrationManagementConfiguration' of type [org.springframework.integration.config.IntegrationManagementConfiguration] is not eligible for getting processed by all BeanPostProcessors (for example: not eligible for auto-proxying) 
2026-05-27 17:26:58.520 [restartedMain] INFO  o.s.c.s.PostProcessorRegistrationDelegate$BeanPostProcessorChecker - Bean 'integrationChannelResolver' of type [org.springframework.integration.support.channel.BeanFactoryChannelResolver] is not eligible for getting processed by all BeanPostProcessors (for example: not eligible for auto-proxying) 
2026-05-27 17:26:58.593 [restartedMain] INFO  o.s.boot.web.embedded.tomcat.TomcatWebServer - Tomcat initialized with port(s): 8100 (http) 
2026-05-27 17:26:58.594 [restartedMain] INFO  org.apache.coyote.http11.Http11NioProtocol - Initializing ProtocolHandler ["http-nio-8100"] 
2026-05-27 17:26:58.594 [restartedMain] INFO  org.apache.catalina.core.StandardService - Starting service [Tomcat] 
2026-05-27 17:26:58.594 [restartedMain] INFO  org.apache.catalina.core.StandardEngine - Starting Servlet engine: [Apache Tomcat/9.0.69] 
2026-05-27 17:26:58.623 [restartedMain] INFO  o.a.c.core.ContainerBase.[Tomcat].[localhost].[/] - Initializing Spring embedded WebApplicationContext 
2026-05-27 17:26:58.623 [restartedMain] INFO  o.s.b.w.s.c.ServletWebServerApplicationContext - Root WebApplicationContext: initialization completed in 350 ms 
2026-05-27 17:26:58.712 [restartedMain] INFO  iot.cloud.platform.thermometer.config.MqttConfig - 创建mqtt客户端ID:thermometer001 
2026-05-27 17:26:58.716 [restartedMain] INFO  com.zaxxer.hikari.HikariDataSource - HikariPool-4 - Starting... 
2026-05-27 17:26:58.721 [restartedMain] INFO  com.zaxxer.hikari.HikariDataSource - HikariPool-4 - Start completed. 
2026-05-27 17:26:58.725 [restartedMain] INFO  iot.cloud.platform.thermometer.config.MqttConfig - 加入订阅主题->/iot/cloud/devices/post_reply (qos=1) 
2026-05-27 17:26:58.725 [restartedMain] INFO  iot.cloud.platform.thermometer.config.MqttConfig - 加入订阅主题->/iot/cloud/devices/receive (qos=1) 
2026-05-27 17:26:58.725 [restartedMain] INFO  iot.cloud.platform.thermometer.config.MqttConfig - 加入订阅主题->/iot/cloud/devices/post_reply (qos=1) 
2026-05-27 17:26:58.725 [restartedMain] INFO  iot.cloud.platform.thermometer.config.MqttConfig - 加入订阅主题->/iot/cloud/devices/receive (qos=1) 
2026-05-27 17:26:58.730 [restartedMain] INFO  iot.cloud.platform.thermometer.config.MqttConfig - 接收主题->/iot/cloud/devices/receive 响应主题->/iot/cloud/devices/receive_reply 
2026-05-27 17:26:58.836 [restartedMain] INFO  o.s.b.d.autoconfigure.OptionalLiveReloadServer - LiveReload server is running on port 35729 
2026-05-27 17:26:58.858 [restartedMain] INFO  o.s.integration.endpoint.EventDrivenConsumer - Adding {logging-channel-adapter:_org.springframework.integration.errorLogger} as a subscriber to the 'errorChannel' channel 
2026-05-27 17:26:58.858 [restartedMain] INFO  o.s.integration.channel.PublishSubscribeChannel - Channel 'application.errorChannel' has 1 subscriber(s). 
2026-05-27 17:26:58.858 [restartedMain] INFO  o.s.integration.endpoint.EventDrivenConsumer - started bean '_org.springframework.integration.errorLogger' 
2026-05-27 17:26:58.858 [restartedMain] INFO  org.apache.coyote.http11.Http11NioProtocol - Starting ProtocolHandler ["http-nio-8100"] 
2026-05-27 17:26:58.862 [restartedMain] INFO  o.s.boot.web.embedded.tomcat.TomcatWebServer - Tomcat started on port(s): 8100 (http) with context path '' 
2026-05-27 17:26:58.866 [restartedMain] INFO  i.c.platform.thermometer.IoTThermometerApplication - Started IoTThermometerApplication in 0.633 seconds (JVM running for 399.66) 
2026-05-27 17:26:58.867 [restartedMain] INFO  iot.cloud.platform.thermometer.mqtt.MqttConsumer - 初始化并启动mqtt...... 
2026-05-27 17:26:59.660 [restartedMain] INFO  o.s.b.d.a.ConditionEvaluationDeltaLoggingListener - Condition evaluation unchanged 
2026-05-27 17:26:59.661 [restartedMain] INFO  i.c.platform.thermometer.IoTThermometerApplication - http://localhost:8100/ 
2026-05-27 17:26:59.888 [MQTT Call: thermometer001] INFO  i.c.platform.thermometer.mqtt.MqttConsumerCallback - 订阅主题:/iot/cloud/devices/post_reply 
2026-05-27 17:27:00.112 [MQTT Call: thermometer001] INFO  i.c.platform.thermometer.mqtt.MqttConsumerCallback - 订阅主题:/iot/cloud/devices/receive 
2026-05-27 17:27:26.868 [File Watcher] INFO  o.s.b.d.a.LocalDevToolsAutoConfiguration$RestartingClassPathChangeChangedEventListener - Restarting due to 1 class path change (0 additions, 0 deletions, 1 modification) 
2026-05-27 17:27:27.440 [Thread-22] INFO  org.apache.coyote.http11.Http11NioProtocol - Pausing ProtocolHandler ["http-nio-8100"] 
2026-05-27 17:27:27.440 [Thread-22] INFO  org.apache.catalina.core.StandardService - Stopping service [Tomcat] 
2026-05-27 17:27:27.448 [Thread-22] INFO  org.apache.coyote.http11.Http11NioProtocol - Stopping ProtocolHandler ["http-nio-8100"] 
2026-05-27 17:27:27.452 [Thread-22] INFO  org.apache.coyote.http11.Http11NioProtocol - Destroying ProtocolHandler ["http-nio-8100"] 
2026-05-27 17:27:27.452 [Thread-22] INFO  o.s.integration.endpoint.EventDrivenConsumer - Removing {logging-channel-adapter:_org.springframework.integration.errorLogger} as a subscriber to the 'errorChannel' channel 
2026-05-27 17:27:27.453 [Thread-22] INFO  o.s.integration.channel.PublishSubscribeChannel - Channel 'application.errorChannel' has 0 subscriber(s). 
2026-05-27 17:27:27.453 [Thread-22] INFO  o.s.integration.endpoint.EventDrivenConsumer - stopped bean '_org.springframework.integration.errorLogger' 
2026-05-27 17:27:27.463 [Thread-22] WARN  o.s.beans.factory.support.DisposableBeanAdapter - Invocation of close method failed on bean with name 'getMqttClient': 已连接客户机 (32100) 
2026-05-27 17:27:27.463 [Thread-22] INFO  com.zaxxer.hikari.HikariDataSource - HikariPool-4 - Shutdown initiated... 
2026-05-27 17:27:27.472 [Thread-22] INFO  com.zaxxer.hikari.HikariDataSource - HikariPool-4 - Shutdown completed. 
2026-05-27 17:27:27.658 [restartedMain] INFO  i.c.platform.thermometer.IoTThermometerApplication - Starting IoTThermometerApplication using Java 1.8.0_432 on Rozenn with PID 3076 (D:\ZK\Cloud\PTProject\iot-thermometer-init\target\classes started by Rozenn03 in D:\ZK\Cloud\PTProject\iot-thermometer-init) 
2026-05-27 17:27:27.658 [restartedMain] INFO  i.c.platform.thermometer.IoTThermometerApplication - No active profile set, falling back to 1 default profile: "default" 
2026-05-27 17:27:27.920 [restartedMain] INFO  o.s.i.c.DefaultConfiguringBeanFactoryPostProcessor - No bean named 'errorChannel' has been explicitly defined. Therefore, a default PublishSubscribeChannel will be created. 
2026-05-27 17:27:27.921 [restartedMain] INFO  o.s.i.c.DefaultConfiguringBeanFactoryPostProcessor - No bean named 'integrationHeaderChannelRegistry' has been explicitly defined. Therefore, a default DefaultHeaderChannelRegistry will be created. 
2026-05-27 17:27:27.958 [restartedMain] INFO  o.s.c.s.PostProcessorRegistrationDelegate$BeanPostProcessorChecker - Bean 'org.springframework.integration.config.IntegrationManagementConfiguration' of type [org.springframework.integration.config.IntegrationManagementConfiguration] is not eligible for getting processed by all BeanPostProcessors (for example: not eligible for auto-proxying) 
2026-05-27 17:27:27.959 [restartedMain] INFO  o.s.c.s.PostProcessorRegistrationDelegate$BeanPostProcessorChecker - Bean 'integrationChannelResolver' of type [org.springframework.integration.support.channel.BeanFactoryChannelResolver] is not eligible for getting processed by all BeanPostProcessors (for example: not eligible for auto-proxying) 
2026-05-27 17:27:28.010 [restartedMain] INFO  o.s.boot.web.embedded.tomcat.TomcatWebServer - Tomcat initialized with port(s): 8100 (http) 
2026-05-27 17:27:28.010 [restartedMain] INFO  org.apache.coyote.http11.Http11NioProtocol - Initializing ProtocolHandler ["http-nio-8100"] 
2026-05-27 17:27:28.010 [restartedMain] INFO  org.apache.catalina.core.StandardService - Starting service [Tomcat] 
2026-05-27 17:27:28.010 [restartedMain] INFO  org.apache.catalina.core.StandardEngine - Starting Servlet engine: [Apache Tomcat/9.0.69] 
2026-05-27 17:27:28.025 [restartedMain] INFO  o.a.c.core.ContainerBase.[Tomcat].[localhost].[/] - Initializing Spring embedded WebApplicationContext 
2026-05-27 17:27:28.025 [restartedMain] INFO  o.s.b.w.s.c.ServletWebServerApplicationContext - Root WebApplicationContext: initialization completed in 363 ms 
2026-05-27 17:27:28.113 [restartedMain] INFO  iot.cloud.platform.thermometer.config.MqttConfig - 创建mqtt客户端ID:thermometer001 
2026-05-27 17:27:28.119 [restartedMain] INFO  com.zaxxer.hikari.HikariDataSource - HikariPool-5 - Starting... 
2026-05-27 17:27:28.125 [restartedMain] INFO  com.zaxxer.hikari.HikariDataSource - HikariPool-5 - Start completed. 
2026-05-27 17:27:28.132 [restartedMain] INFO  iot.cloud.platform.thermometer.config.MqttConfig - 加入订阅主题->/iot/cloud/devices/post_reply (qos=1) 
2026-05-27 17:27:28.133 [restartedMain] INFO  iot.cloud.platform.thermometer.config.MqttConfig - 加入订阅主题->/iot/cloud/devices/receive (qos=1) 
2026-05-27 17:27:28.133 [restartedMain] INFO  iot.cloud.platform.thermometer.config.MqttConfig - 加入订阅主题->/iot/cloud/devices/post_reply (qos=1) 
2026-05-27 17:27:28.133 [restartedMain] INFO  iot.cloud.platform.thermometer.config.MqttConfig - 加入订阅主题->/iot/cloud/devices/receive (qos=1) 
2026-05-27 17:27:28.139 [restartedMain] INFO  iot.cloud.platform.thermometer.config.MqttConfig - 接收主题->/iot/cloud/devices/receive 响应主题->/iot/cloud/devices/receive_reply 
2026-05-27 17:27:28.294 [restartedMain] INFO  o.s.b.d.autoconfigure.OptionalLiveReloadServer - LiveReload server is running on port 35729 
2026-05-27 17:27:28.307 [restartedMain] INFO  o.s.integration.endpoint.EventDrivenConsumer - Adding {logging-channel-adapter:_org.springframework.integration.errorLogger} as a subscriber to the 'errorChannel' channel 
2026-05-27 17:27:28.307 [restartedMain] INFO  o.s.integration.channel.PublishSubscribeChannel - Channel 'application.errorChannel' has 1 subscriber(s). 
2026-05-27 17:27:28.307 [restartedMain] INFO  o.s.integration.endpoint.EventDrivenConsumer - started bean '_org.springframework.integration.errorLogger' 
2026-05-27 17:27:28.307 [restartedMain] INFO  org.apache.coyote.http11.Http11NioProtocol - Starting ProtocolHandler ["http-nio-8100"] 
2026-05-27 17:27:28.309 [restartedMain] INFO  o.s.boot.web.embedded.tomcat.TomcatWebServer - Tomcat started on port(s): 8100 (http) with context path '' 
2026-05-27 17:27:28.312 [restartedMain] INFO  i.c.platform.thermometer.IoTThermometerApplication - Started IoTThermometerApplication in 0.701 seconds (JVM running for 429.106) 
2026-05-27 17:27:28.312 [restartedMain] INFO  iot.cloud.platform.thermometer.mqtt.MqttConsumer - 初始化并启动mqtt...... 
2026-05-27 17:27:29.087 [MQTT Rec: thermometer001] INFO  i.c.platform.thermometer.mqtt.MqttConsumerCallback - MQTT连接断开 
org.eclipse.paho.client.mqttv3.MqttException: 已断开连接
	at org.eclipse.paho.client.mqttv3.internal.CommsReceiver.run(CommsReceiver.java:197)
	at java.lang.Thread.run(Thread.java:750)
Caused by: java.io.EOFException: null
	at java.io.DataInputStream.readByte(DataInputStream.java:267)
	at org.eclipse.paho.client.mqttv3.internal.wire.MqttInputStream.readMqttWireMessage(MqttInputStream.java:92)
	at org.eclipse.paho.client.mqttv3.internal.CommsReceiver.run(CommsReceiver.java:137)
	... 1 common frames omitted
2026-05-27 17:27:29.089 [MQTT Rec: thermometer001] INFO  i.c.platform.thermometer.mqtt.MqttConsumerCallback - 尝试重新连接0次 
2026-05-27 17:27:29.092 [restartedMain] INFO  o.s.b.d.a.ConditionEvaluationDeltaLoggingListener - Condition evaluation unchanged 
2026-05-27 17:27:29.092 [restartedMain] INFO  i.c.platform.thermometer.IoTThermometerApplication - http://localhost:8100/ 
2026-05-27 17:27:29.092 [MQTT Rec: thermometer001] ERROR i.c.platform.thermometer.mqtt.MqttConsumerCallback - org.eclipse.paho.client.mqttv3.MqttAsyncClient.reconnect(MqttAsyncClient.java:1399)
org.eclipse.paho.client.mqttv3.MqttClient.reconnect(MqttClient.java:711)
iot.cloud.platform.thermometer.mqtt.MqttConsumerCallback.connectionLost(MqttConsumerCallback.java:53)
org.eclipse.paho.client.mqttv3.internal.CommsCallback.connectionLost(CommsCallback.java:304)
org.eclipse.paho.client.mqttv3.internal.ClientComms.shutdownConnection(ClientComms.java:441)
org.eclipse.paho.client.mqttv3.internal.CommsReceiver.run(CommsReceiver.java:197)
java.lang.Thread.run(Thread.java:750)
 
2026-05-27 17:27:29.092 [MQTT Rec: thermometer001] INFO  i.c.platform.thermometer.mqtt.MqttConsumerCallback - 尝试重新连接1次 
2026-05-27 17:27:29.092 [MQTT Rec: thermometer001] ERROR i.c.platform.thermometer.mqtt.MqttConsumerCallback - org.eclipse.paho.client.mqttv3.MqttAsyncClient.reconnect(MqttAsyncClient.java:1399)
org.eclipse.paho.client.mqttv3.MqttClient.reconnect(MqttClient.java:711)
iot.cloud.platform.thermometer.mqtt.MqttConsumerCallback.connectionLost(MqttConsumerCallback.java:53)
org.eclipse.paho.client.mqttv3.internal.CommsCallback.connectionLost(CommsCallback.java:304)
org.eclipse.paho.client.mqttv3.internal.ClientComms.shutdownConnection(ClientComms.java:441)
org.eclipse.paho.client.mqttv3.internal.CommsReceiver.run(CommsReceiver.java:197)
java.lang.Thread.run(Thread.java:750)
 
2026-05-27 17:27:29.092 [MQTT Rec: thermometer001] INFO  i.c.platform.thermometer.mqtt.MqttConsumerCallback - 尝试重新连接2次 
2026-05-27 17:27:29.092 [MQTT Rec: thermometer001] ERROR i.c.platform.thermometer.mqtt.MqttConsumerCallback - org.eclipse.paho.client.mqttv3.MqttAsyncClient.reconnect(MqttAsyncClient.java:1399)
org.eclipse.paho.client.mqttv3.MqttClient.reconnect(MqttClient.java:711)
iot.cloud.platform.thermometer.mqtt.MqttConsumerCallback.connectionLost(MqttConsumerCallback.java:53)
org.eclipse.paho.client.mqttv3.internal.CommsCallback.connectionLost(CommsCallback.java:304)
org.eclipse.paho.client.mqttv3.internal.ClientComms.shutdownConnection(ClientComms.java:441)
org.eclipse.paho.client.mqttv3.internal.CommsReceiver.run(CommsReceiver.java:197)
java.lang.Thread.run(Thread.java:750)
 
2026-05-27 17:27:29.092 [MQTT Rec: thermometer001] INFO  i.c.platform.thermometer.mqtt.MqttConsumerCallback - 尝试重新连接3次 
2026-05-27 17:27:29.322 [MQTT Call: thermometer001] INFO  i.c.platform.thermometer.mqtt.MqttConsumerCallback - 订阅主题:/iot/cloud/devices/post_reply 
2026-05-27 17:27:29.551 [MQTT Call: thermometer001] INFO  i.c.platform.thermometer.mqtt.MqttConsumerCallback - 订阅主题:/iot/cloud/devices/receive 
2026-05-27 17:27:29.877 [MQTT Rec: thermometer001] INFO  i.c.platform.thermometer.mqtt.MqttConsumerCallback - MQTT连接断开 
org.eclipse.paho.client.mqttv3.MqttException: 已断开连接
	at org.eclipse.paho.client.mqttv3.internal.CommsReceiver.run(CommsReceiver.java:197)
	at java.lang.Thread.run(Thread.java:750)
Caused by: java.io.EOFException: null
	at java.io.DataInputStream.readByte(DataInputStream.java:267)
	at org.eclipse.paho.client.mqttv3.internal.wire.MqttInputStream.readMqttWireMessage(MqttInputStream.java:92)
	at org.eclipse.paho.client.mqttv3.internal.CommsReceiver.run(CommsReceiver.java:137)
	... 1 common frames omitted
2026-05-27 17:27:29.878 [MQTT Rec: thermometer001] INFO  i.c.platform.thermometer.mqtt.MqttConsumerCallback - 尝试重新连接0次 
2026-05-27 17:27:29.880 [MQTT Rec: thermometer001] ERROR i.c.platform.thermometer.mqtt.MqttConsumerCallback - org.eclipse.paho.client.mqttv3.MqttAsyncClient.reconnect(MqttAsyncClient.java:1399)
org.eclipse.paho.client.mqttv3.MqttClient.reconnect(MqttClient.java:711)
iot.cloud.platform.thermometer.mqtt.MqttConsumerCallback.connectionLost(MqttConsumerCallback.java:53)
org.eclipse.paho.client.mqttv3.internal.CommsCallback.connectionLost(CommsCallback.java:304)
org.eclipse.paho.client.mqttv3.internal.ClientComms.shutdownConnection(ClientComms.java:441)
org.eclipse.paho.client.mqttv3.internal.CommsReceiver.run(CommsReceiver.java:197)
java.lang.Thread.run(Thread.java:750)
 
2026-05-27 17:27:29.880 [MQTT Rec: thermometer001] INFO  i.c.platform.thermometer.mqtt.MqttConsumerCallback - 尝试重新连接1次 
2026-05-27 17:27:29.881 [MQTT Rec: thermometer001] ERROR i.c.platform.thermometer.mqtt.MqttConsumerCallback - org.eclipse.paho.client.mqttv3.MqttAsyncClient.reconnect(MqttAsyncClient.java:1399)
org.eclipse.paho.client.mqttv3.MqttClient.reconnect(MqttClient.java:711)
iot.cloud.platform.thermometer.mqtt.MqttConsumerCallback.connectionLost(MqttConsumerCallback.java:53)
org.eclipse.paho.client.mqttv3.internal.CommsCallback.connectionLost(CommsCallback.java:304)
org.eclipse.paho.client.mqttv3.internal.ClientComms.shutdownConnection(ClientComms.java:441)
org.eclipse.paho.client.mqttv3.internal.CommsReceiver.run(CommsReceiver.java:197)
java.lang.Thread.run(Thread.java:750)
 
2026-05-27 17:27:29.881 [MQTT Rec: thermometer001] INFO  i.c.platform.thermometer.mqtt.MqttConsumerCallback - 尝试重新连接2次 
2026-05-27 17:27:29.881 [MQTT Rec: thermometer001] ERROR i.c.platform.thermometer.mqtt.MqttConsumerCallback - org.eclipse.paho.client.mqttv3.MqttAsyncClient.reconnect(MqttAsyncClient.java:1399)
org.eclipse.paho.client.mqttv3.MqttClient.reconnect(MqttClient.java:711)
iot.cloud.platform.thermometer.mqtt.MqttConsumerCallback.connectionLost(MqttConsumerCallback.java:53)
org.eclipse.paho.client.mqttv3.internal.CommsCallback.connectionLost(CommsCallback.java:304)
org.eclipse.paho.client.mqttv3.internal.ClientComms.shutdownConnection(ClientComms.java:441)
org.eclipse.paho.client.mqttv3.internal.CommsReceiver.run(CommsReceiver.java:197)
java.lang.Thread.run(Thread.java:750)
 
2026-05-27 17:27:29.881 [MQTT Rec: thermometer001] INFO  i.c.platform.thermometer.mqtt.MqttConsumerCallback - 尝试重新连接3次 
2026-05-27 17:27:30.098 [MQTT Call: thermometer001] INFO  i.c.platform.thermometer.mqtt.MqttConsumerCallback - 订阅主题:/iot/cloud/devices/post_reply 
2026-05-27 17:27:30.324 [MQTT Call: thermometer001] INFO  i.c.platform.thermometer.mqtt.MqttConsumerCallback - 订阅主题:/iot/cloud/devices/receive 
2026-05-27 17:27:30.646 [MQTT Rec: thermometer001] INFO  i.c.platform.thermometer.mqtt.MqttConsumerCallback - MQTT连接断开 
org.eclipse.paho.client.mqttv3.MqttException: 已断开连接
	at org.eclipse.paho.client.mqttv3.internal.CommsReceiver.run(CommsReceiver.java:197)
	at java.lang.Thread.run(Thread.java:750)
Caused by: java.io.EOFException: null
	at java.io.DataInputStream.readByte(DataInputStream.java:267)
	at org.eclipse.paho.client.mqttv3.internal.wire.MqttInputStream.readMqttWireMessage(MqttInputStream.java:92)
	at org.eclipse.paho.client.mqttv3.internal.CommsReceiver.run(CommsReceiver.java:137)
	... 1 common frames omitted
2026-05-27 17:27:30.647 [MQTT Rec: thermometer001] INFO  i.c.platform.thermometer.mqtt.MqttConsumerCallback - 尝试重新连接0次 
2026-05-27 17:27:30.647 [MQTT Rec: thermometer001] ERROR i.c.platform.thermometer.mqtt.MqttConsumerCallback - org.eclipse.paho.client.mqttv3.MqttAsyncClient.reconnect(MqttAsyncClient.java:1399)
org.eclipse.paho.client.mqttv3.MqttClient.reconnect(MqttClient.java:711)
iot.cloud.platform.thermometer.mqtt.MqttConsumerCallback.connectionLost(MqttConsumerCallback.java:53)
org.eclipse.paho.client.mqttv3.internal.CommsCallback.connectionLost(CommsCallback.java:304)
org.eclipse.paho.client.mqttv3.internal.ClientComms.shutdownConnection(ClientComms.java:441)
org.eclipse.paho.client.mqttv3.internal.CommsReceiver.run(CommsReceiver.java:197)
java.lang.Thread.run(Thread.java:750)
 
2026-05-27 17:27:30.647 [MQTT Rec: thermometer001] INFO  i.c.platform.thermometer.mqtt.MqttConsumerCallback - 尝试重新连接1次 
2026-05-27 17:27:30.647 [MQTT Rec: thermometer001] ERROR i.c.platform.thermometer.mqtt.MqttConsumerCallback - org.eclipse.paho.client.mqttv3.MqttAsyncClient.reconnect(MqttAsyncClient.java:1399)
org.eclipse.paho.client.mqttv3.MqttClient.reconnect(MqttClient.java:711)
iot.cloud.platform.thermometer.mqtt.MqttConsumerCallback.connectionLost(MqttConsumerCallback.java:53)
org.eclipse.paho.client.mqttv3.internal.CommsCallback.connectionLost(CommsCallback.java:304)
org.eclipse.paho.client.mqttv3.internal.ClientComms.shutdownConnection(ClientComms.java:441)
org.eclipse.paho.client.mqttv3.internal.CommsReceiver.run(CommsReceiver.java:197)
java.lang.Thread.run(Thread.java:750)
 
2026-05-27 17:27:30.647 [MQTT Rec: thermometer001] INFO  i.c.platform.thermometer.mqtt.MqttConsumerCallback - 尝试重新连接2次 
2026-05-27 17:27:30.647 [MQTT Rec: thermometer001] ERROR i.c.platform.thermometer.mqtt.MqttConsumerCallback - org.eclipse.paho.client.mqttv3.MqttAsyncClient.reconnect(MqttAsyncClient.java:1399)
org.eclipse.paho.client.mqttv3.MqttClient.reconnect(MqttClient.java:711)
iot.cloud.platform.thermometer.mqtt.MqttConsumerCallback.connectionLost(MqttConsumerCallback.java:53)
org.eclipse.paho.client.mqttv3.internal.CommsCallback.connectionLost(CommsCallback.java:304)
org.eclipse.paho.client.mqttv3.internal.ClientComms.shutdownConnection(ClientComms.java:441)
org.eclipse.paho.client.mqttv3.internal.CommsReceiver.run(CommsReceiver.java:197)
java.lang.Thread.run(Thread.java:750)
 
2026-05-27 17:27:30.647 [MQTT Rec: thermometer001] INFO  i.c.platform.thermometer.mqtt.MqttConsumerCallback - 尝试重新连接3次 
2026-05-27 17:27:30.870 [MQTT Call: thermometer001] INFO  i.c.platform.thermometer.mqtt.MqttConsumerCallback - 订阅主题:/iot/cloud/devices/post_reply 
2026-05-27 17:27:31.087 [MQTT Call: thermometer001] INFO  i.c.platform.thermometer.mqtt.MqttConsumerCallback - 订阅主题:/iot/cloud/devices/receive 
2026-05-27 17:27:31.651 [MQTT Call: thermometer001] INFO  i.c.platform.thermometer.mqtt.MqttConsumerCallback - 订阅主题:/iot/cloud/devices/post_reply 
2026-05-27 17:27:31.876 [MQTT Call: thermometer001] INFO  i.c.platform.thermometer.mqtt.MqttConsumerCallback - 订阅主题:/iot/cloud/devices/receive 
2026-05-27 17:27:32.011 [MQTT Rec: thermometer001] INFO  i.c.platform.thermometer.mqtt.MqttConsumerCallback - MQTT连接断开 
org.eclipse.paho.client.mqttv3.MqttException: 已断开连接
	at org.eclipse.paho.client.mqttv3.internal.CommsReceiver.run(CommsReceiver.java:197)
	at java.lang.Thread.run(Thread.java:750)
Caused by: java.io.EOFException: null
	at java.io.DataInputStream.readByte(DataInputStream.java:267)
	at org.eclipse.paho.client.mqttv3.internal.wire.MqttInputStream.readMqttWireMessage(MqttInputStream.java:92)
	at org.eclipse.paho.client.mqttv3.internal.CommsReceiver.run(CommsReceiver.java:137)
	... 1 common frames omitted
2026-05-27 17:27:32.014 [MQTT Rec: thermometer001] INFO  i.c.platform.thermometer.mqtt.MqttConsumerCallback - 尝试重新连接0次 
2026-05-27 17:27:32.014 [MQTT Rec: thermometer001] ERROR i.c.platform.thermometer.mqtt.MqttConsumerCallback - org.eclipse.paho.client.mqttv3.MqttAsyncClient.reconnect(MqttAsyncClient.java:1399)
org.eclipse.paho.client.mqttv3.MqttClient.reconnect(MqttClient.java:711)
iot.cloud.platform.thermometer.mqtt.MqttConsumerCallback.connectionLost(MqttConsumerCallback.java:53)
org.eclipse.paho.client.mqttv3.internal.CommsCallback.connectionLost(CommsCallback.java:304)
org.eclipse.paho.client.mqttv3.internal.ClientComms.shutdownConnection(ClientComms.java:441)
org.eclipse.paho.client.mqttv3.internal.CommsReceiver.run(CommsReceiver.java:197)
java.lang.Thread.run(Thread.java:750)
 
2026-05-27 17:27:32.014 [MQTT Rec: thermometer001] INFO  i.c.platform.thermometer.mqtt.MqttConsumerCallback - 尝试重新连接1次 
2026-05-27 17:27:32.015 [MQTT Rec: thermometer001] ERROR i.c.platform.thermometer.mqtt.MqttConsumerCallback - org.eclipse.paho.client.mqttv3.MqttAsyncClient.reconnect(MqttAsyncClient.java:1399)
org.eclipse.paho.client.mqttv3.MqttClient.reconnect(MqttClient.java:711)
iot.cloud.platform.thermometer.mqtt.MqttConsumerCallback.connectionLost(MqttConsumerCallback.java:53)
org.eclipse.paho.client.mqttv3.internal.CommsCallback.connectionLost(CommsCallback.java:304)
org.eclipse.paho.client.mqttv3.internal.ClientComms.shutdownConnection(ClientComms.java:441)
org.eclipse.paho.client.mqttv3.internal.CommsReceiver.run(CommsReceiver.java:197)
java.lang.Thread.run(Thread.java:750)
 
2026-05-27 17:27:32.015 [MQTT Rec: thermometer001] INFO  i.c.platform.thermometer.mqtt.MqttConsumerCallback - 尝试重新连接2次 
2026-05-27 17:27:32.015 [MQTT Rec: thermometer001] ERROR i.c.platform.thermometer.mqtt.MqttConsumerCallback - org.eclipse.paho.client.mqttv3.MqttAsyncClient.reconnect(MqttAsyncClient.java:1399)
org.eclipse.paho.client.mqttv3.MqttClient.reconnect(MqttClient.java:711)
iot.cloud.platform.thermometer.mqtt.MqttConsumerCallback.connectionLost(MqttConsumerCallback.java:53)
org.eclipse.paho.client.mqttv3.internal.CommsCallback.connectionLost(CommsCallback.java:304)
org.eclipse.paho.client.mqttv3.internal.ClientComms.shutdownConnection(ClientComms.java:441)
org.eclipse.paho.client.mqttv3.internal.CommsReceiver.run(CommsReceiver.java:197)
java.lang.Thread.run(Thread.java:750)
 
2026-05-27 17:27:32.015 [MQTT Rec: thermometer001] INFO  i.c.platform.thermometer.mqtt.MqttConsumerCallback - 尝试重新连接3次 
2026-05-27 17:27:32.787 [MQTT Rec: thermometer001] INFO  i.c.platform.thermometer.mqtt.MqttConsumerCallback - MQTT连接断开 
org.eclipse.paho.client.mqttv3.MqttException: 已断开连接
	at org.eclipse.paho.client.mqttv3.internal.CommsReceiver.run(CommsReceiver.java:197)
	at java.lang.Thread.run(Thread.java:750)
Caused by: java.io.EOFException: null
	at java.io.DataInputStream.readByte(DataInputStream.java:267)
	at org.eclipse.paho.client.mqttv3.internal.wire.MqttInputStream.readMqttWireMessage(MqttInputStream.java:92)
	at org.eclipse.paho.client.mqttv3.internal.CommsReceiver.run(CommsReceiver.java:137)
	... 1 common frames omitted
2026-05-27 17:27:32.787 [MQTT Rec: thermometer001] INFO  i.c.platform.thermometer.mqtt.MqttConsumerCallback - 尝试重新连接0次 
2026-05-27 17:27:32.788 [MQTT Rec: thermometer001] ERROR i.c.platform.thermometer.mqtt.MqttConsumerCallback - org.eclipse.paho.client.mqttv3.MqttAsyncClient.reconnect(MqttAsyncClient.java:1399)
org.eclipse.paho.client.mqttv3.MqttClient.reconnect(MqttClient.java:711)
iot.cloud.platform.thermometer.mqtt.MqttConsumerCallback.connectionLost(MqttConsumerCallback.java:53)
org.eclipse.paho.client.mqttv3.internal.CommsCallback.connectionLost(CommsCallback.java:304)
org.eclipse.paho.client.mqttv3.internal.ClientComms.shutdownConnection(ClientComms.java:441)
org.eclipse.paho.client.mqttv3.internal.CommsReceiver.run(CommsReceiver.java:197)
java.lang.Thread.run(Thread.java:750)
 
2026-05-27 17:27:32.788 [MQTT Rec: thermometer001] INFO  i.c.platform.thermometer.mqtt.MqttConsumerCallback - 尝试重新连接1次 
2026-05-27 17:27:32.788 [MQTT Rec: thermometer001] ERROR i.c.platform.thermometer.mqtt.MqttConsumerCallback - org.eclipse.paho.client.mqttv3.MqttAsyncClient.reconnect(MqttAsyncClient.java:1399)
org.eclipse.paho.client.mqttv3.MqttClient.reconnect(MqttClient.java:711)
iot.cloud.platform.thermometer.mqtt.MqttConsumerCallback.connectionLost(MqttConsumerCallback.java:53)
org.eclipse.paho.client.mqttv3.internal.CommsCallback.connectionLost(CommsCallback.java:304)
org.eclipse.paho.client.mqttv3.internal.ClientComms.shutdownConnection(ClientComms.java:441)
org.eclipse.paho.client.mqttv3.internal.CommsReceiver.run(CommsReceiver.java:197)
java.lang.Thread.run(Thread.java:750)
 
2026-05-27 17:27:32.788 [MQTT Rec: thermometer001] INFO  i.c.platform.thermometer.mqtt.MqttConsumerCallback - 尝试重新连接2次 
2026-05-27 17:27:32.788 [MQTT Rec: thermometer001] ERROR i.c.platform.thermometer.mqtt.MqttConsumerCallback - org.eclipse.paho.client.mqttv3.MqttAsyncClient.reconnect(MqttAsyncClient.java:1399)
org.eclipse.paho.client.mqttv3.MqttClient.reconnect(MqttClient.java:711)
iot.cloud.platform.thermometer.mqtt.MqttConsumerCallback.connectionLost(MqttConsumerCallback.java:53)
org.eclipse.paho.client.mqttv3.internal.CommsCallback.connectionLost(CommsCallback.java:304)
org.eclipse.paho.client.mqttv3.internal.ClientComms.shutdownConnection(ClientComms.java:441)
org.eclipse.paho.client.mqttv3.internal.CommsReceiver.run(CommsReceiver.java:197)
java.lang.Thread.run(Thread.java:750)
 
2026-05-27 17:27:32.788 [MQTT Rec: thermometer001] INFO  i.c.platform.thermometer.mqtt.MqttConsumerCallback - 尝试重新连接3次 
2026-05-27 17:27:33.007 [MQTT Call: thermometer001] INFO  i.c.platform.thermometer.mqtt.MqttConsumerCallback - 订阅主题:/iot/cloud/devices/post_reply 
2026-05-27 17:27:33.226 [MQTT Call: thermometer001] INFO  i.c.platform.thermometer.mqtt.MqttConsumerCallback - 订阅主题:/iot/cloud/devices/receive 
2026-05-27 17:27:33.563 [MQTT Rec: thermometer001] INFO  i.c.platform.thermometer.mqtt.MqttConsumerCallback - MQTT连接断开 
org.eclipse.paho.client.mqttv3.MqttException: 已断开连接
	at org.eclipse.paho.client.mqttv3.internal.CommsReceiver.run(CommsReceiver.java:197)
	at java.lang.Thread.run(Thread.java:750)
Caused by: java.io.EOFException: null
	at java.io.DataInputStream.readByte(DataInputStream.java:267)
	at org.eclipse.paho.client.mqttv3.internal.wire.MqttInputStream.readMqttWireMessage(MqttInputStream.java:92)
	at org.eclipse.paho.client.mqttv3.internal.CommsReceiver.run(CommsReceiver.java:137)
	... 1 common frames omitted
2026-05-27 17:27:33.563 [MQTT Rec: thermometer001] INFO  i.c.platform.thermometer.mqtt.MqttConsumerCallback - 尝试重新连接0次 
2026-05-27 17:27:33.563 [MQTT Rec: thermometer001] ERROR i.c.platform.thermometer.mqtt.MqttConsumerCallback - org.eclipse.paho.client.mqttv3.MqttAsyncClient.reconnect(MqttAsyncClient.java:1399)
org.eclipse.paho.client.mqttv3.MqttClient.reconnect(MqttClient.java:711)
iot.cloud.platform.thermometer.mqtt.MqttConsumerCallback.connectionLost(MqttConsumerCallback.java:53)
org.eclipse.paho.client.mqttv3.internal.CommsCallback.connectionLost(CommsCallback.java:304)
org.eclipse.paho.client.mqttv3.internal.ClientComms.shutdownConnection(ClientComms.java:441)
org.eclipse.paho.client.mqttv3.internal.CommsReceiver.run(CommsReceiver.java:197)
java.lang.Thread.run(Thread.java:750)
 
2026-05-27 17:27:33.563 [MQTT Rec: thermometer001] INFO  i.c.platform.thermometer.mqtt.MqttConsumerCallback - 尝试重新连接1次 
2026-05-27 17:27:33.570 [MQTT Rec: thermometer001] ERROR i.c.platform.thermometer.mqtt.MqttConsumerCallback - org.eclipse.paho.client.mqttv3.MqttAsyncClient.reconnect(MqttAsyncClient.java:1399)
org.eclipse.paho.client.mqttv3.MqttClient.reconnect(MqttClient.java:711)
iot.cloud.platform.thermometer.mqtt.MqttConsumerCallback.connectionLost(MqttConsumerCallback.java:53)
org.eclipse.paho.client.mqttv3.internal.CommsCallback.connectionLost(CommsCallback.java:304)
org.eclipse.paho.client.mqttv3.internal.ClientComms.shutdownConnection(ClientComms.java:441)
org.eclipse.paho.client.mqttv3.internal.CommsReceiver.run(CommsReceiver.java:197)
java.lang.Thread.run(Thread.java:750)
 
2026-05-27 17:27:33.570 [MQTT Rec: thermometer001] INFO  i.c.platform.thermometer.mqtt.MqttConsumerCallback - 尝试重新连接2次 
2026-05-27 17:27:33.570 [MQTT Rec: thermometer001] ERROR i.c.platform.thermometer.mqtt.MqttConsumerCallback - org.eclipse.paho.client.mqttv3.MqttAsyncClient.reconnect(MqttAsyncClient.java:1399)
org.eclipse.paho.client.mqttv3.MqttClient.reconnect(MqttClient.java:711)
iot.cloud.platform.thermometer.mqtt.MqttConsumerCallback.connectionLost(MqttConsumerCallback.java:53)
org.eclipse.paho.client.mqttv3.internal.CommsCallback.connectionLost(CommsCallback.java:304)
org.eclipse.paho.client.mqttv3.internal.ClientComms.shutdownConnection(ClientComms.java:441)
org.eclipse.paho.client.mqttv3.internal.CommsReceiver.run(CommsReceiver.java:197)
java.lang.Thread.run(Thread.java:750)
 
2026-05-27 17:27:33.570 [MQTT Rec: thermometer001] INFO  i.c.platform.thermometer.mqtt.MqttConsumerCallback - 尝试重新连接3次 
2026-05-27 17:27:33.804 [MQTT Call: thermometer001] INFO  i.c.platform.thermometer.mqtt.MqttConsumerCallback - 订阅主题:/iot/cloud/devices/post_reply 
2026-05-27 17:27:34.036 [MQTT Call: thermometer001] INFO  i.c.platform.thermometer.mqtt.MqttConsumerCallback - 订阅主题:/iot/cloud/devices/receive 
2026-05-27 17:27:34.340 [MQTT Rec: thermometer001] INFO  i.c.platform.thermometer.mqtt.MqttConsumerCallback - MQTT连接断开 
org.eclipse.paho.client.mqttv3.MqttException: 已断开连接
	at org.eclipse.paho.client.mqttv3.internal.CommsReceiver.run(CommsReceiver.java:197)
	at java.lang.Thread.run(Thread.java:750)
Caused by: java.io.EOFException: null
	at java.io.DataInputStream.readByte(DataInputStream.java:267)
	at org.eclipse.paho.client.mqttv3.internal.wire.MqttInputStream.readMqttWireMessage(MqttInputStream.java:92)
	at org.eclipse.paho.client.mqttv3.internal.CommsReceiver.run(CommsReceiver.java:137)
	... 1 common frames omitted
2026-05-27 17:27:34.342 [MQTT Rec: thermometer001] INFO  i.c.platform.thermometer.mqtt.MqttConsumerCallback - 尝试重新连接0次 
2026-05-27 17:27:34.342 [MQTT Rec: thermometer001] ERROR i.c.platform.thermometer.mqtt.MqttConsumerCallback - org.eclipse.paho.client.mqttv3.MqttAsyncClient.reconnect(MqttAsyncClient.java:1399)
org.eclipse.paho.client.mqttv3.MqttClient.reconnect(MqttClient.java:711)
iot.cloud.platform.thermometer.mqtt.MqttConsumerCallback.connectionLost(MqttConsumerCallback.java:53)
org.eclipse.paho.client.mqttv3.internal.CommsCallback.connectionLost(CommsCallback.java:304)
org.eclipse.paho.client.mqttv3.internal.ClientComms.shutdownConnection(ClientComms.java:441)
org.eclipse.paho.client.mqttv3.internal.CommsReceiver.run(CommsReceiver.java:197)
java.lang.Thread.run(Thread.java:750)
 
2026-05-27 17:27:34.342 [MQTT Rec: thermometer001] INFO  i.c.platform.thermometer.mqtt.MqttConsumerCallback - 尝试重新连接1次 
2026-05-27 17:27:34.342 [MQTT Rec: thermometer001] ERROR i.c.platform.thermometer.mqtt.MqttConsumerCallback - org.eclipse.paho.client.mqttv3.MqttAsyncClient.reconnect(MqttAsyncClient.java:1399)
org.eclipse.paho.client.mqttv3.MqttClient.reconnect(MqttClient.java:711)
iot.cloud.platform.thermometer.mqtt.MqttConsumerCallback.connectionLost(MqttConsumerCallback.java:53)
org.eclipse.paho.client.mqttv3.internal.CommsCallback.connectionLost(CommsCallback.java:304)
org.eclipse.paho.client.mqttv3.internal.ClientComms.shutdownConnection(ClientComms.java:441)
org.eclipse.paho.client.mqttv3.internal.CommsReceiver.run(CommsReceiver.java:197)
java.lang.Thread.run(Thread.java:750)
 
2026-05-27 17:27:34.342 [MQTT Rec: thermometer001] INFO  i.c.platform.thermometer.mqtt.MqttConsumerCallback - 尝试重新连接2次 
2026-05-27 17:27:34.343 [MQTT Rec: thermometer001] ERROR i.c.platform.thermometer.mqtt.MqttConsumerCallback - org.eclipse.paho.client.mqttv3.MqttAsyncClient.reconnect(MqttAsyncClient.java:1399)
org.eclipse.paho.client.mqttv3.MqttClient.reconnect(MqttClient.java:711)
iot.cloud.platform.thermometer.mqtt.MqttConsumerCallback.connectionLost(MqttConsumerCallback.java:53)
org.eclipse.paho.client.mqttv3.internal.CommsCallback.connectionLost(CommsCallback.java:304)
org.eclipse.paho.client.mqttv3.internal.ClientComms.shutdownConnection(ClientComms.java:441)
org.eclipse.paho.client.mqttv3.internal.CommsReceiver.run(CommsReceiver.java:197)
java.lang.Thread.run(Thread.java:750)
 
2026-05-27 17:27:34.343 [MQTT Rec: thermometer001] INFO  i.c.platform.thermometer.mqtt.MqttConsumerCallback - 尝试重新连接3次 
2026-05-27 17:27:34.564 [MQTT Call: thermometer001] INFO  i.c.platform.thermometer.mqtt.MqttConsumerCallback - 订阅主题:/iot/cloud/devices/post_reply 
2026-05-27 17:27:34.784 [MQTT Call: thermometer001] INFO  i.c.platform.thermometer.mqtt.MqttConsumerCallback - 订阅主题:/iot/cloud/devices/receive 
2026-05-27 17:27:35.119 [MQTT Rec: thermometer001] INFO  i.c.platform.thermometer.mqtt.MqttConsumerCallback - MQTT连接断开 
org.eclipse.paho.client.mqttv3.MqttException: 已断开连接
	at org.eclipse.paho.client.mqttv3.internal.CommsReceiver.run(CommsReceiver.java:197)
	at java.lang.Thread.run(Thread.java:750)
Caused by: java.io.EOFException: null
	at java.io.DataInputStream.readByte(DataInputStream.java:267)
	at org.eclipse.paho.client.mqttv3.internal.wire.MqttInputStream.readMqttWireMessage(MqttInputStream.java:92)
	at org.eclipse.paho.client.mqttv3.internal.CommsReceiver.run(CommsReceiver.java:137)
	... 1 common frames omitted
2026-05-27 17:27:35.121 [MQTT Rec: thermometer001] INFO  i.c.platform.thermometer.mqtt.MqttConsumerCallback - 尝试重新连接0次 
2026-05-27 17:27:35.121 [MQTT Rec: thermometer001] ERROR i.c.platform.thermometer.mqtt.MqttConsumerCallback - org.eclipse.paho.client.mqttv3.MqttAsyncClient.reconnect(MqttAsyncClient.java:1399)
org.eclipse.paho.client.mqttv3.MqttClient.reconnect(MqttClient.java:711)
iot.cloud.platform.thermometer.mqtt.MqttConsumerCallback.connectionLost(MqttConsumerCallback.java:53)
org.eclipse.paho.client.mqttv3.internal.CommsCallback.connectionLost(CommsCallback.java:304)
org.eclipse.paho.client.mqttv3.internal.ClientComms.shutdownConnection(ClientComms.java:441)
org.eclipse.paho.client.mqttv3.internal.CommsReceiver.run(CommsReceiver.java:197)
java.lang.Thread.run(Thread.java:750)
 
2026-05-27 17:27:35.121 [MQTT Rec: thermometer001] INFO  i.c.platform.thermometer.mqtt.MqttConsumerCallback - 尝试重新连接1次 
2026-05-27 17:27:35.122 [MQTT Rec: thermometer001] ERROR i.c.platform.thermometer.mqtt.MqttConsumerCallback - org.eclipse.paho.client.mqttv3.MqttAsyncClient.reconnect(MqttAsyncClient.java:1399)
org.eclipse.paho.client.mqttv3.MqttClient.reconnect(MqttClient.java:711)
iot.cloud.platform.thermometer.mqtt.MqttConsumerCallback.connectionLost(MqttConsumerCallback.java:53)
org.eclipse.paho.client.mqttv3.internal.CommsCallback.connectionLost(CommsCallback.java:304)
org.eclipse.paho.client.mqttv3.internal.ClientComms.shutdownConnection(ClientComms.java:441)
org.eclipse.paho.client.mqttv3.internal.CommsReceiver.run(CommsReceiver.java:197)
java.lang.Thread.run(Thread.java:750)
 
2026-05-27 17:27:35.122 [MQTT Rec: thermometer001] INFO  i.c.platform.thermometer.mqtt.MqttConsumerCallback - 尝试重新连接2次 
2026-05-27 17:27:35.122 [MQTT Rec: thermometer001] ERROR i.c.platform.thermometer.mqtt.MqttConsumerCallback - org.eclipse.paho.client.mqttv3.MqttAsyncClient.reconnect(MqttAsyncClient.java:1399)
org.eclipse.paho.client.mqttv3.MqttClient.reconnect(MqttClient.java:711)
iot.cloud.platform.thermometer.mqtt.MqttConsumerCallback.connectionLost(MqttConsumerCallback.java:53)
org.eclipse.paho.client.mqttv3.internal.CommsCallback.connectionLost(CommsCallback.java:304)
org.eclipse.paho.client.mqttv3.internal.ClientComms.shutdownConnection(ClientComms.java:441)
org.eclipse.paho.client.mqttv3.internal.CommsReceiver.run(CommsReceiver.java:197)
java.lang.Thread.run(Thread.java:750)
 
2026-05-27 17:27:35.122 [MQTT Rec: thermometer001] INFO  i.c.platform.thermometer.mqtt.MqttConsumerCallback - 尝试重新连接3次 
2026-05-27 17:27:35.341 [MQTT Call: thermometer001] INFO  i.c.platform.thermometer.mqtt.MqttConsumerCallback - 订阅主题:/iot/cloud/devices/post_reply 
2026-05-27 17:27:35.566 [MQTT Call: thermometer001] INFO  i.c.platform.thermometer.mqtt.MqttConsumerCallback - 订阅主题:/iot/cloud/devices/receive 
2026-05-27 17:27:35.900 [MQTT Rec: thermometer001] INFO  i.c.platform.thermometer.mqtt.MqttConsumerCallback - MQTT连接断开 
org.eclipse.paho.client.mqttv3.MqttException: 已断开连接
	at org.eclipse.paho.client.mqttv3.internal.CommsReceiver.run(CommsReceiver.java:197)
	at java.lang.Thread.run(Thread.java:750)
Caused by: java.io.EOFException: null
	at java.io.DataInputStream.readByte(DataInputStream.java:267)
	at org.eclipse.paho.client.mqttv3.internal.wire.MqttInputStream.readMqttWireMessage(MqttInputStream.java:92)
	at org.eclipse.paho.client.mqttv3.internal.CommsReceiver.run(CommsReceiver.java:137)
	... 1 common frames omitted
2026-05-27 17:27:35.902 [MQTT Rec: thermometer001] INFO  i.c.platform.thermometer.mqtt.MqttConsumerCallback - 尝试重新连接0次 
2026-05-27 17:27:35.902 [MQTT Rec: thermometer001] ERROR i.c.platform.thermometer.mqtt.MqttConsumerCallback - org.eclipse.paho.client.mqttv3.MqttAsyncClient.reconnect(MqttAsyncClient.java:1399)
org.eclipse.paho.client.mqttv3.MqttClient.reconnect(MqttClient.java:711)
iot.cloud.platform.thermometer.mqtt.MqttConsumerCallback.connectionLost(MqttConsumerCallback.java:53)
org.eclipse.paho.client.mqttv3.internal.CommsCallback.connectionLost(CommsCallback.java:304)
org.eclipse.paho.client.mqttv3.internal.ClientComms.shutdownConnection(ClientComms.java:441)
org.eclipse.paho.client.mqttv3.internal.CommsReceiver.run(CommsReceiver.java:197)
java.lang.Thread.run(Thread.java:750)
 
2026-05-27 17:27:35.902 [MQTT Rec: thermometer001] INFO  i.c.platform.thermometer.mqtt.MqttConsumerCallback - 尝试重新连接1次 
2026-05-27 17:27:35.902 [MQTT Rec: thermometer001] ERROR i.c.platform.thermometer.mqtt.MqttConsumerCallback - org.eclipse.paho.client.mqttv3.MqttAsyncClient.reconnect(MqttAsyncClient.java:1399)
org.eclipse.paho.client.mqttv3.MqttClient.reconnect(MqttClient.java:711)
iot.cloud.platform.thermometer.mqtt.MqttConsumerCallback.connectionLost(MqttConsumerCallback.java:53)
org.eclipse.paho.client.mqttv3.internal.CommsCallback.connectionLost(CommsCallback.java:304)
org.eclipse.paho.client.mqttv3.internal.ClientComms.shutdownConnection(ClientComms.java:441)
org.eclipse.paho.client.mqttv3.internal.CommsReceiver.run(CommsReceiver.java:197)
java.lang.Thread.run(Thread.java:750)
 
2026-05-27 17:27:35.902 [MQTT Rec: thermometer001] INFO  i.c.platform.thermometer.mqtt.MqttConsumerCallback - 尝试重新连接2次 
2026-05-27 17:27:35.902 [MQTT Rec: thermometer001] ERROR i.c.platform.thermometer.mqtt.MqttConsumerCallback - org.eclipse.paho.client.mqttv3.MqttAsyncClient.reconnect(MqttAsyncClient.java:1399)
org.eclipse.paho.client.mqttv3.MqttClient.reconnect(MqttClient.java:711)
iot.cloud.platform.thermometer.mqtt.MqttConsumerCallback.connectionLost(MqttConsumerCallback.java:53)
org.eclipse.paho.client.mqttv3.internal.CommsCallback.connectionLost(CommsCallback.java:304)
org.eclipse.paho.client.mqttv3.internal.ClientComms.shutdownConnection(ClientComms.java:441)
org.eclipse.paho.client.mqttv3.internal.CommsReceiver.run(CommsReceiver.java:197)
java.lang.Thread.run(Thread.java:750)
 
2026-05-27 17:27:35.902 [MQTT Rec: thermometer001] INFO  i.c.platform.thermometer.mqtt.MqttConsumerCallback - 尝试重新连接3次 
2026-05-27 17:27:36.121 [MQTT Call: thermometer001] INFO  i.c.platform.thermometer.mqtt.MqttConsumerCallback - 订阅主题:/iot/cloud/devices/post_reply 
2026-05-27 17:27:36.350 [MQTT Call: thermometer001] INFO  i.c.platform.thermometer.mqtt.MqttConsumerCallback - 订阅主题:/iot/cloud/devices/receive 
2026-05-27 17:27:36.677 [MQTT Rec: thermometer001] INFO  i.c.platform.thermometer.mqtt.MqttConsumerCallback - MQTT连接断开 
org.eclipse.paho.client.mqttv3.MqttException: 已断开连接
	at org.eclipse.paho.client.mqttv3.internal.CommsReceiver.run(CommsReceiver.java:197)
	at java.lang.Thread.run(Thread.java:750)
Caused by: java.io.EOFException: null
	at java.io.DataInputStream.readByte(DataInputStream.java:267)
	at org.eclipse.paho.client.mqttv3.internal.wire.MqttInputStream.readMqttWireMessage(MqttInputStream.java:92)
	at org.eclipse.paho.client.mqttv3.internal.CommsReceiver.run(CommsReceiver.java:137)
	... 1 common frames omitted
2026-05-27 17:27:36.678 [MQTT Rec: thermometer001] INFO  i.c.platform.thermometer.mqtt.MqttConsumerCallback - 尝试重新连接0次 
2026-05-27 17:27:36.678 [MQTT Rec: thermometer001] ERROR i.c.platform.thermometer.mqtt.MqttConsumerCallback - org.eclipse.paho.client.mqttv3.MqttAsyncClient.reconnect(MqttAsyncClient.java:1399)
org.eclipse.paho.client.mqttv3.MqttClient.reconnect(MqttClient.java:711)
iot.cloud.platform.thermometer.mqtt.MqttConsumerCallback.connectionLost(MqttConsumerCallback.java:53)
org.eclipse.paho.client.mqttv3.internal.CommsCallback.connectionLost(CommsCallback.java:304)
org.eclipse.paho.client.mqttv3.internal.ClientComms.shutdownConnection(ClientComms.java:441)
org.eclipse.paho.client.mqttv3.internal.CommsReceiver.run(CommsReceiver.java:197)
java.lang.Thread.run(Thread.java:750)
 
2026-05-27 17:27:36.678 [MQTT Rec: thermometer001] INFO  i.c.platform.thermometer.mqtt.MqttConsumerCallback - 尝试重新连接1次 
2026-05-27 17:27:36.678 [MQTT Rec: thermometer001] ERROR i.c.platform.thermometer.mqtt.MqttConsumerCallback - org.eclipse.paho.client.mqttv3.MqttAsyncClient.reconnect(MqttAsyncClient.java:1399)
org.eclipse.paho.client.mqttv3.MqttClient.reconnect(MqttClient.java:711)
iot.cloud.platform.thermometer.mqtt.MqttConsumerCallback.connectionLost(MqttConsumerCallback.java:53)
org.eclipse.paho.client.mqttv3.internal.CommsCallback.connectionLost(CommsCallback.java:304)
org.eclipse.paho.client.mqttv3.internal.ClientComms.shutdownConnection(ClientComms.java:441)
org.eclipse.paho.client.mqttv3.internal.CommsReceiver.run(CommsReceiver.java:197)
java.lang.Thread.run(Thread.java:750)
 
2026-05-27 17:27:36.678 [MQTT Rec: thermometer001] INFO  i.c.platform.thermometer.mqtt.MqttConsumerCallback - 尝试重新连接2次 
2026-05-27 17:27:36.678 [MQTT Rec: thermometer001] ERROR i.c.platform.thermometer.mqtt.MqttConsumerCallback - org.eclipse.paho.client.mqttv3.MqttAsyncClient.reconnect(MqttAsyncClient.java:1399)
org.eclipse.paho.client.mqttv3.MqttClient.reconnect(MqttClient.java:711)
iot.cloud.platform.thermometer.mqtt.MqttConsumerCallback.connectionLost(MqttConsumerCallback.java:53)
org.eclipse.paho.client.mqttv3.internal.CommsCallback.connectionLost(CommsCallback.java:304)
org.eclipse.paho.client.mqttv3.internal.ClientComms.shutdownConnection(ClientComms.java:441)
org.eclipse.paho.client.mqttv3.internal.CommsReceiver.run(CommsReceiver.java:197)
java.lang.Thread.run(Thread.java:750)
 
2026-05-27 17:27:36.678 [MQTT Rec: thermometer001] INFO  i.c.platform.thermometer.mqtt.MqttConsumerCallback - 尝试重新连接3次 
2026-05-27 17:27:36.895 [MQTT Call: thermometer001] INFO  i.c.platform.thermometer.mqtt.MqttConsumerCallback - 订阅主题:/iot/cloud/devices/post_reply 
2026-05-27 17:27:37.111 [MQTT Call: thermometer001] INFO  i.c.platform.thermometer.mqtt.MqttConsumerCallback - 订阅主题:/iot/cloud/devices/receive 
2026-05-27 17:27:37.452 [MQTT Rec: thermometer001] INFO  i.c.platform.thermometer.mqtt.MqttConsumerCallback - MQTT连接断开 
org.eclipse.paho.client.mqttv3.MqttException: 已断开连接
	at org.eclipse.paho.client.mqttv3.internal.CommsReceiver.run(CommsReceiver.java:197)
	at java.lang.Thread.run(Thread.java:750)
Caused by: java.io.EOFException: null
	at java.io.DataInputStream.readByte(DataInputStream.java:267)
	at org.eclipse.paho.client.mqttv3.internal.wire.MqttInputStream.readMqttWireMessage(MqttInputStream.java:92)
	at org.eclipse.paho.client.mqttv3.internal.CommsReceiver.run(CommsReceiver.java:137)
	... 1 common frames omitted
2026-05-27 17:27:37.454 [MQTT Rec: thermometer001] INFO  i.c.platform.thermometer.mqtt.MqttConsumerCallback - 尝试重新连接0次 
2026-05-27 17:27:37.454 [MQTT Rec: thermometer001] ERROR i.c.platform.thermometer.mqtt.MqttConsumerCallback - org.eclipse.paho.client.mqttv3.MqttAsyncClient.reconnect(MqttAsyncClient.java:1399)
org.eclipse.paho.client.mqttv3.MqttClient.reconnect(MqttClient.java:711)
iot.cloud.platform.thermometer.mqtt.MqttConsumerCallback.connectionLost(MqttConsumerCallback.java:53)
org.eclipse.paho.client.mqttv3.internal.CommsCallback.connectionLost(CommsCallback.java:304)
org.eclipse.paho.client.mqttv3.internal.ClientComms.shutdownConnection(ClientComms.java:441)
org.eclipse.paho.client.mqttv3.internal.CommsReceiver.run(CommsReceiver.java:197)
java.lang.Thread.run(Thread.java:750)
 
2026-05-27 17:27:37.454 [MQTT Rec: thermometer001] INFO  i.c.platform.thermometer.mqtt.MqttConsumerCallback - 尝试重新连接1次 
2026-05-27 17:27:37.454 [MQTT Rec: thermometer001] ERROR i.c.platform.thermometer.mqtt.MqttConsumerCallback - org.eclipse.paho.client.mqttv3.MqttAsyncClient.reconnect(MqttAsyncClient.java:1399)
org.eclipse.paho.client.mqttv3.MqttClient.reconnect(MqttClient.java:711)
iot.cloud.platform.thermometer.mqtt.MqttConsumerCallback.connectionLost(MqttConsumerCallback.java:53)
org.eclipse.paho.client.mqttv3.internal.CommsCallback.connectionLost(CommsCallback.java:304)
org.eclipse.paho.client.mqttv3.internal.ClientComms.shutdownConnection(ClientComms.java:441)
org.eclipse.paho.client.mqttv3.internal.CommsReceiver.run(CommsReceiver.java:197)
java.lang.Thread.run(Thread.java:750)
 
2026-05-27 17:27:37.454 [MQTT Rec: thermometer001] INFO  i.c.platform.thermometer.mqtt.MqttConsumerCallback - 尝试重新连接2次 
2026-05-27 17:27:37.454 [MQTT Rec: thermometer001] ERROR i.c.platform.thermometer.mqtt.MqttConsumerCallback - org.eclipse.paho.client.mqttv3.MqttAsyncClient.reconnect(MqttAsyncClient.java:1399)
org.eclipse.paho.client.mqttv3.MqttClient.reconnect(MqttClient.java:711)
iot.cloud.platform.thermometer.mqtt.MqttConsumerCallback.connectionLost(MqttConsumerCallback.java:53)
org.eclipse.paho.client.mqttv3.internal.CommsCallback.connectionLost(CommsCallback.java:304)
org.eclipse.paho.client.mqttv3.internal.ClientComms.shutdownConnection(ClientComms.java:441)
org.eclipse.paho.client.mqttv3.internal.CommsReceiver.run(CommsReceiver.java:197)
java.lang.Thread.run(Thread.java:750)
 
2026-05-27 17:27:37.454 [MQTT Rec: thermometer001] INFO  i.c.platform.thermometer.mqtt.MqttConsumerCallback - 尝试重新连接3次 
2026-05-27 17:27:37.682 [MQTT Call: thermometer001] INFO  i.c.platform.thermometer.mqtt.MqttConsumerCallback - 订阅主题:/iot/cloud/devices/post_reply 
2026-05-27 17:27:37.910 [MQTT Call: thermometer001] INFO  i.c.platform.thermometer.mqtt.MqttConsumerCallback - 订阅主题:/iot/cloud/devices/receive 
2026-05-27 17:27:38.230 [MQTT Rec: thermometer001] INFO  i.c.platform.thermometer.mqtt.MqttConsumerCallback - MQTT连接断开 
org.eclipse.paho.client.mqttv3.MqttException: 已断开连接
	at org.eclipse.paho.client.mqttv3.internal.CommsReceiver.run(CommsReceiver.java:197)
	at java.lang.Thread.run(Thread.java:750)
Caused by: java.io.EOFException: null
	at java.io.DataInputStream.readByte(DataInputStream.java:267)
	at org.eclipse.paho.client.mqttv3.internal.wire.MqttInputStream.readMqttWireMessage(MqttInputStream.java:92)
	at org.eclipse.paho.client.mqttv3.internal.CommsReceiver.run(CommsReceiver.java:137)
	... 1 common frames omitted
2026-05-27 17:27:38.232 [MQTT Rec: thermometer001] INFO  i.c.platform.thermometer.mqtt.MqttConsumerCallback - 尝试重新连接0次 
2026-05-27 17:27:38.234 [MQTT Rec: thermometer001] ERROR i.c.platform.thermometer.mqtt.MqttConsumerCallback - org.eclipse.paho.client.mqttv3.MqttAsyncClient.reconnect(MqttAsyncClient.java:1399)
org.eclipse.paho.client.mqttv3.MqttClient.reconnect(MqttClient.java:711)
iot.cloud.platform.thermometer.mqtt.MqttConsumerCallback.connectionLost(MqttConsumerCallback.java:53)
org.eclipse.paho.client.mqttv3.internal.CommsCallback.connectionLost(CommsCallback.java:304)
org.eclipse.paho.client.mqttv3.internal.ClientComms.shutdownConnection(ClientComms.java:441)
org.eclipse.paho.client.mqttv3.internal.CommsReceiver.run(CommsReceiver.java:197)
java.lang.Thread.run(Thread.java:750)
 
2026-05-27 17:27:38.234 [MQTT Rec: thermometer001] INFO  i.c.platform.thermometer.mqtt.MqttConsumerCallback - 尝试重新连接1次 
2026-05-27 17:27:38.234 [MQTT Rec: thermometer001] ERROR i.c.platform.thermometer.mqtt.MqttConsumerCallback - org.eclipse.paho.client.mqttv3.MqttAsyncClient.reconnect(MqttAsyncClient.java:1399)
org.eclipse.paho.client.mqttv3.MqttClient.reconnect(MqttClient.java:711)
iot.cloud.platform.thermometer.mqtt.MqttConsumerCallback.connectionLost(MqttConsumerCallback.java:53)
org.eclipse.paho.client.mqttv3.internal.CommsCallback.connectionLost(CommsCallback.java:304)
org.eclipse.paho.client.mqttv3.internal.ClientComms.shutdownConnection(ClientComms.java:441)
org.eclipse.paho.client.mqttv3.internal.CommsReceiver.run(CommsReceiver.java:197)
java.lang.Thread.run(Thread.java:750)
 
2026-05-27 17:27:38.234 [MQTT Rec: thermometer001] INFO  i.c.platform.thermometer.mqtt.MqttConsumerCallback - 尝试重新连接2次 
2026-05-27 17:27:38.234 [MQTT Rec: thermometer001] ERROR i.c.platform.thermometer.mqtt.MqttConsumerCallback - org.eclipse.paho.client.mqttv3.MqttAsyncClient.reconnect(MqttAsyncClient.java:1399)
org.eclipse.paho.client.mqttv3.MqttClient.reconnect(MqttClient.java:711)
iot.cloud.platform.thermometer.mqtt.MqttConsumerCallback.connectionLost(MqttConsumerCallback.java:53)
org.eclipse.paho.client.mqttv3.internal.CommsCallback.connectionLost(CommsCallback.java:304)
org.eclipse.paho.client.mqttv3.internal.ClientComms.shutdownConnection(ClientComms.java:441)
org.eclipse.paho.client.mqttv3.internal.CommsReceiver.run(CommsReceiver.java:197)
java.lang.Thread.run(Thread.java:750)
 
2026-05-27 17:27:38.234 [MQTT Rec: thermometer001] INFO  i.c.platform.thermometer.mqtt.MqttConsumerCallback - 尝试重新连接3次 
2026-05-27 17:27:38.457 [MQTT Call: thermometer001] INFO  i.c.platform.thermometer.mqtt.MqttConsumerCallback - 订阅主题:/iot/cloud/devices/post_reply 
2026-05-27 17:27:38.677 [MQTT Call: thermometer001] INFO  i.c.platform.thermometer.mqtt.MqttConsumerCallback - 订阅主题:/iot/cloud/devices/receive 
2026-05-27 17:27:39.019 [MQTT Rec: thermometer001] INFO  i.c.platform.thermometer.mqtt.MqttConsumerCallback - MQTT连接断开 
org.eclipse.paho.client.mqttv3.MqttException: 已断开连接
	at org.eclipse.paho.client.mqttv3.internal.CommsReceiver.run(CommsReceiver.java:197)
	at java.lang.Thread.run(Thread.java:750)
Caused by: java.io.EOFException: null
	at java.io.DataInputStream.readByte(DataInputStream.java:267)
	at org.eclipse.paho.client.mqttv3.internal.wire.MqttInputStream.readMqttWireMessage(MqttInputStream.java:92)
	at org.eclipse.paho.client.mqttv3.internal.CommsReceiver.run(CommsReceiver.java:137)
	... 1 common frames omitted
2026-05-27 17:27:39.021 [MQTT Rec: thermometer001] INFO  i.c.platform.thermometer.mqtt.MqttConsumerCallback - 尝试重新连接0次 
2026-05-27 17:27:39.022 [MQTT Rec: thermometer001] ERROR i.c.platform.thermometer.mqtt.MqttConsumerCallback - org.eclipse.paho.client.mqttv3.MqttAsyncClient.reconnect(MqttAsyncClient.java:1399)
org.eclipse.paho.client.mqttv3.MqttClient.reconnect(MqttClient.java:711)
iot.cloud.platform.thermometer.mqtt.MqttConsumerCallback.connectionLost(MqttConsumerCallback.java:53)
org.eclipse.paho.client.mqttv3.internal.CommsCallback.connectionLost(CommsCallback.java:304)
org.eclipse.paho.client.mqttv3.internal.ClientComms.shutdownConnection(ClientComms.java:441)
org.eclipse.paho.client.mqttv3.internal.CommsReceiver.run(CommsReceiver.java:197)
java.lang.Thread.run(Thread.java:750)
 
2026-05-27 17:27:39.025 [MQTT Rec: thermometer001] INFO  i.c.platform.thermometer.mqtt.MqttConsumerCallback - 尝试重新连接1次 
2026-05-27 17:27:39.025 [MQTT Rec: thermometer001] ERROR i.c.platform.thermometer.mqtt.MqttConsumerCallback - org.eclipse.paho.client.mqttv3.MqttAsyncClient.reconnect(MqttAsyncClient.java:1399)
org.eclipse.paho.client.mqttv3.MqttClient.reconnect(MqttClient.java:711)
iot.cloud.platform.thermometer.mqtt.MqttConsumerCallback.connectionLost(MqttConsumerCallback.java:53)
org.eclipse.paho.client.mqttv3.internal.CommsCallback.connectionLost(CommsCallback.java:304)
org.eclipse.paho.client.mqttv3.internal.ClientComms.shutdownConnection(ClientComms.java:441)
org.eclipse.paho.client.mqttv3.internal.CommsReceiver.run(CommsReceiver.java:197)
java.lang.Thread.run(Thread.java:750)
 
2026-05-27 17:27:39.025 [MQTT Rec: thermometer001] INFO  i.c.platform.thermometer.mqtt.MqttConsumerCallback - 尝试重新连接2次 
2026-05-27 17:27:39.025 [MQTT Rec: thermometer001] ERROR i.c.platform.thermometer.mqtt.MqttConsumerCallback - org.eclipse.paho.client.mqttv3.MqttAsyncClient.reconnect(MqttAsyncClient.java:1399)
org.eclipse.paho.client.mqttv3.MqttClient.reconnect(MqttClient.java:711)
iot.cloud.platform.thermometer.mqtt.MqttConsumerCallback.connectionLost(MqttConsumerCallback.java:53)
org.eclipse.paho.client.mqttv3.internal.CommsCallback.connectionLost(CommsCallback.java:304)
org.eclipse.paho.client.mqttv3.internal.ClientComms.shutdownConnection(ClientComms.java:441)
org.eclipse.paho.client.mqttv3.internal.CommsReceiver.run(CommsReceiver.java:197)
java.lang.Thread.run(Thread.java:750)
 
2026-05-27 17:27:39.025 [MQTT Rec: thermometer001] INFO  i.c.platform.thermometer.mqtt.MqttConsumerCallback - 尝试重新连接3次 
2026-05-27 17:27:39.251 [MQTT Call: thermometer001] INFO  i.c.platform.thermometer.mqtt.MqttConsumerCallback - 订阅主题:/iot/cloud/devices/post_reply 
2026-05-27 17:27:39.475 [MQTT Call: thermometer001] INFO  i.c.platform.thermometer.mqtt.MqttConsumerCallback - 订阅主题:/iot/cloud/devices/receive 
2026-05-27 17:27:39.801 [MQTT Rec: thermometer001] INFO  i.c.platform.thermometer.mqtt.MqttConsumerCallback - MQTT连接断开 
org.eclipse.paho.client.mqttv3.MqttException: 已断开连接
	at org.eclipse.paho.client.mqttv3.internal.CommsReceiver.run(CommsReceiver.java:197)
	at java.lang.Thread.run(Thread.java:750)
Caused by: java.io.EOFException: null
	at java.io.DataInputStream.readByte(DataInputStream.java:267)
	at org.eclipse.paho.client.mqttv3.internal.wire.MqttInputStream.readMqttWireMessage(MqttInputStream.java:92)
	at org.eclipse.paho.client.mqttv3.internal.CommsReceiver.run(CommsReceiver.java:137)
	... 1 common frames omitted
2026-05-27 17:27:39.801 [MQTT Rec: thermometer001] INFO  i.c.platform.thermometer.mqtt.MqttConsumerCallback - 尝试重新连接0次 
2026-05-27 17:27:39.801 [MQTT Rec: thermometer001] ERROR i.c.platform.thermometer.mqtt.MqttConsumerCallback - org.eclipse.paho.client.mqttv3.MqttAsyncClient.reconnect(MqttAsyncClient.java:1399)
org.eclipse.paho.client.mqttv3.MqttClient.reconnect(MqttClient.java:711)
iot.cloud.platform.thermometer.mqtt.MqttConsumerCallback.connectionLost(MqttConsumerCallback.java:53)
org.eclipse.paho.client.mqttv3.internal.CommsCallback.connectionLost(CommsCallback.java:304)
org.eclipse.paho.client.mqttv3.internal.ClientComms.shutdownConnection(ClientComms.java:441)
org.eclipse.paho.client.mqttv3.internal.CommsReceiver.run(CommsReceiver.java:197)
java.lang.Thread.run(Thread.java:750)
 
2026-05-27 17:27:39.801 [MQTT Rec: thermometer001] INFO  i.c.platform.thermometer.mqtt.MqttConsumerCallback - 尝试重新连接1次 
2026-05-27 17:27:39.801 [MQTT Rec: thermometer001] ERROR i.c.platform.thermometer.mqtt.MqttConsumerCallback - org.eclipse.paho.client.mqttv3.MqttAsyncClient.reconnect(MqttAsyncClient.java:1399)
org.eclipse.paho.client.mqttv3.MqttClient.reconnect(MqttClient.java:711)
iot.cloud.platform.thermometer.mqtt.MqttConsumerCallback.connectionLost(MqttConsumerCallback.java:53)
org.eclipse.paho.client.mqttv3.internal.CommsCallback.connectionLost(CommsCallback.java:304)
org.eclipse.paho.client.mqttv3.internal.ClientComms.shutdownConnection(ClientComms.java:441)
org.eclipse.paho.client.mqttv3.internal.CommsReceiver.run(CommsReceiver.java:197)
java.lang.Thread.run(Thread.java:750)
 
2026-05-27 17:27:39.801 [MQTT Rec: thermometer001] INFO  i.c.platform.thermometer.mqtt.MqttConsumerCallback - 尝试重新连接2次 
2026-05-27 17:27:39.801 [MQTT Rec: thermometer001] ERROR i.c.platform.thermometer.mqtt.MqttConsumerCallback - org.eclipse.paho.client.mqttv3.MqttAsyncClient.reconnect(MqttAsyncClient.java:1399)
org.eclipse.paho.client.mqttv3.MqttClient.reconnect(MqttClient.java:711)
iot.cloud.platform.thermometer.mqtt.MqttConsumerCallback.connectionLost(MqttConsumerCallback.java:53)
org.eclipse.paho.client.mqttv3.internal.CommsCallback.connectionLost(CommsCallback.java:304)
org.eclipse.paho.client.mqttv3.internal.ClientComms.shutdownConnection(ClientComms.java:441)
org.eclipse.paho.client.mqttv3.internal.CommsReceiver.run(CommsReceiver.java:197)
java.lang.Thread.run(Thread.java:750)
 
2026-05-27 17:27:39.801 [MQTT Rec: thermometer001] INFO  i.c.platform.thermometer.mqtt.MqttConsumerCallback - 尝试重新连接3次 
2026-05-27 17:27:40.032 [MQTT Call: thermometer001] INFO  i.c.platform.thermometer.mqtt.MqttConsumerCallback - 订阅主题:/iot/cloud/devices/post_reply 
2026-05-27 17:27:40.257 [MQTT Call: thermometer001] INFO  i.c.platform.thermometer.mqtt.MqttConsumerCallback - 订阅主题:/iot/cloud/devices/receive 
2026-05-27 17:29:37.158 [File Watcher] INFO  o.s.b.d.a.LocalDevToolsAutoConfiguration$RestartingClassPathChangeChangedEventListener - Restarting due to 2 class path changes (0 additions, 0 deletions, 2 modifications) 
2026-05-27 17:29:37.376 [Thread-31] INFO  org.apache.coyote.http11.Http11NioProtocol - Pausing ProtocolHandler ["http-nio-8100"] 
2026-05-27 17:29:37.376 [Thread-31] INFO  org.apache.catalina.core.StandardService - Stopping service [Tomcat] 
2026-05-27 17:29:37.381 [Thread-31] INFO  org.apache.coyote.http11.Http11NioProtocol - Stopping ProtocolHandler ["http-nio-8100"] 
2026-05-27 17:29:37.383 [Thread-31] INFO  org.apache.coyote.http11.Http11NioProtocol - Destroying ProtocolHandler ["http-nio-8100"] 
2026-05-27 17:29:37.383 [Thread-31] INFO  o.s.integration.endpoint.EventDrivenConsumer - Removing {logging-channel-adapter:_org.springframework.integration.errorLogger} as a subscriber to the 'errorChannel' channel 
2026-05-27 17:29:37.383 [Thread-31] INFO  o.s.integration.channel.PublishSubscribeChannel - Channel 'application.errorChannel' has 0 subscriber(s). 
2026-05-27 17:29:37.383 [Thread-31] INFO  o.s.integration.endpoint.EventDrivenConsumer - stopped bean '_org.springframework.integration.errorLogger' 
2026-05-27 17:29:37.383 [Thread-31] INFO  com.zaxxer.hikari.HikariDataSource - HikariPool-5 - Shutdown initiated... 
2026-05-27 17:29:37.387 [Thread-31] INFO  com.zaxxer.hikari.HikariDataSource - HikariPool-5 - Shutdown completed. 
2026-05-27 17:29:37.498 [restartedMain] INFO  i.c.platform.thermometer.IoTThermometerApplication - Starting IoTThermometerApplication using Java 1.8.0_432 on Rozenn with PID 3076 (D:\ZK\Cloud\PTProject\iot-thermometer-init\target\classes started by Rozenn03 in D:\ZK\Cloud\PTProject\iot-thermometer-init) 
2026-05-27 17:29:37.500 [restartedMain] INFO  i.c.platform.thermometer.IoTThermometerApplication - No active profile set, falling back to 1 default profile: "default" 
2026-05-27 17:29:37.614 [restartedMain] INFO  o.s.i.c.DefaultConfiguringBeanFactoryPostProcessor - No bean named 'errorChannel' has been explicitly defined. Therefore, a default PublishSubscribeChannel will be created. 
2026-05-27 17:29:37.615 [restartedMain] INFO  o.s.i.c.DefaultConfiguringBeanFactoryPostProcessor - No bean named 'integrationHeaderChannelRegistry' has been explicitly defined. Therefore, a default DefaultHeaderChannelRegistry will be created. 
2026-05-27 17:29:37.631 [restartedMain] INFO  o.s.c.s.PostProcessorRegistrationDelegate$BeanPostProcessorChecker - Bean 'org.springframework.integration.config.IntegrationManagementConfiguration' of type [org.springframework.integration.config.IntegrationManagementConfiguration] is not eligible for getting processed by all BeanPostProcessors (for example: not eligible for auto-proxying) 
2026-05-27 17:29:37.632 [restartedMain] INFO  o.s.c.s.PostProcessorRegistrationDelegate$BeanPostProcessorChecker - Bean 'integrationChannelResolver' of type [org.springframework.integration.support.channel.BeanFactoryChannelResolver] is not eligible for getting processed by all BeanPostProcessors (for example: not eligible for auto-proxying) 
2026-05-27 17:29:37.665 [restartedMain] INFO  o.s.boot.web.embedded.tomcat.TomcatWebServer - Tomcat initialized with port(s): 8100 (http) 
2026-05-27 17:29:37.665 [restartedMain] INFO  org.apache.coyote.http11.Http11NioProtocol - Initializing ProtocolHandler ["http-nio-8100"] 
2026-05-27 17:29:37.665 [restartedMain] INFO  org.apache.catalina.core.StandardService - Starting service [Tomcat] 
2026-05-27 17:29:37.665 [restartedMain] INFO  org.apache.catalina.core.StandardEngine - Starting Servlet engine: [Apache Tomcat/9.0.69] 
2026-05-27 17:29:37.674 [restartedMain] INFO  o.a.c.core.ContainerBase.[Tomcat].[localhost].[/] - Initializing Spring embedded WebApplicationContext 
2026-05-27 17:29:37.674 [restartedMain] INFO  o.s.b.w.s.c.ServletWebServerApplicationContext - Root WebApplicationContext: initialization completed in 174 ms 
2026-05-27 17:29:37.724 [restartedMain] INFO  iot.cloud.platform.thermometer.config.MqttConfig - 创建mqtt客户端ID:thermometer001 
2026-05-27 17:29:37.727 [restartedMain] INFO  com.zaxxer.hikari.HikariDataSource - HikariPool-6 - Starting... 
2026-05-27 17:29:37.730 [restartedMain] INFO  com.zaxxer.hikari.HikariDataSource - HikariPool-6 - Start completed. 
2026-05-27 17:29:37.734 [restartedMain] INFO  iot.cloud.platform.thermometer.config.MqttConfig - 加入订阅主题->/iot/cloud/devices/post_reply (qos=1) 
2026-05-27 17:29:37.735 [restartedMain] INFO  iot.cloud.platform.thermometer.config.MqttConfig - 加入订阅主题->/iot/cloud/devices/receive (qos=1) 
2026-05-27 17:29:37.735 [restartedMain] INFO  iot.cloud.platform.thermometer.config.MqttConfig - 加入订阅主题->/iot/cloud/devices/post_reply (qos=1) 
2026-05-27 17:29:37.735 [restartedMain] INFO  iot.cloud.platform.thermometer.config.MqttConfig - 加入订阅主题->/iot/cloud/devices/receive (qos=1) 
2026-05-27 17:29:37.739 [restartedMain] INFO  iot.cloud.platform.thermometer.config.MqttConfig - 接收主题->/iot/cloud/devices/receive 响应主题->/iot/cloud/devices/receive_reply 
2026-05-27 17:29:37.789 [restartedMain] INFO  o.s.b.d.autoconfigure.OptionalLiveReloadServer - LiveReload server is running on port 35729 
2026-05-27 17:29:37.795 [restartedMain] INFO  o.s.integration.endpoint.EventDrivenConsumer - Adding {logging-channel-adapter:_org.springframework.integration.errorLogger} as a subscriber to the 'errorChannel' channel 
2026-05-27 17:29:37.795 [restartedMain] INFO  o.s.integration.channel.PublishSubscribeChannel - Channel 'application.errorChannel' has 1 subscriber(s). 
2026-05-27 17:29:37.795 [restartedMain] INFO  o.s.integration.endpoint.EventDrivenConsumer - started bean '_org.springframework.integration.errorLogger' 
2026-05-27 17:29:37.795 [restartedMain] INFO  org.apache.coyote.http11.Http11NioProtocol - Starting ProtocolHandler ["http-nio-8100"] 
2026-05-27 17:29:37.798 [restartedMain] INFO  o.s.boot.web.embedded.tomcat.TomcatWebServer - Tomcat started on port(s): 8100 (http) with context path '' 
2026-05-27 17:29:37.799 [restartedMain] INFO  i.c.platform.thermometer.IoTThermometerApplication - Started IoTThermometerApplication in 0.326 seconds (JVM running for 558.593) 
2026-05-27 17:29:37.800 [restartedMain] INFO  iot.cloud.platform.thermometer.mqtt.MqttConsumer - 初始化并启动mqtt...... 
2026-05-27 17:29:39.180 [restartedMain] INFO  iot.cloud.platform.thermometer.mqtt.MqttConsumer - mqtt连接异常：org.eclipse.paho.client.mqttv3.internal.ExceptionHelper.createMqttException(ExceptionHelper.java:28)
org.eclipse.paho.client.mqttv3.internal.ClientState.notifyReceivedAck(ClientState.java:1053)
org.eclipse.paho.client.mqttv3.internal.CommsReceiver.run(CommsReceiver.java:151)
java.lang.Thread.run(Thread.java:750)
 
2026-05-27 17:29:39.181 [restartedMain] INFO  o.s.b.d.a.ConditionEvaluationDeltaLoggingListener - Condition evaluation unchanged 
2026-05-27 17:29:39.181 [restartedMain] INFO  i.c.platform.thermometer.IoTThermometerApplication - http://localhost:8100/ 
2026-05-27 17:31:46.606 [SpringApplicationShutdownHook] INFO  o.s.integration.endpoint.EventDrivenConsumer - Removing {logging-channel-adapter:_org.springframework.integration.errorLogger} as a subscriber to the 'errorChannel' channel 
2026-05-27 17:31:46.607 [SpringApplicationShutdownHook] INFO  o.s.integration.channel.PublishSubscribeChannel - Channel 'application.errorChannel' has 0 subscriber(s). 
2026-05-27 17:31:46.607 [SpringApplicationShutdownHook] INFO  o.s.integration.endpoint.EventDrivenConsumer - stopped bean '_org.springframework.integration.errorLogger' 
2026-05-27 17:31:46.608 [SpringApplicationShutdownHook] INFO  com.zaxxer.hikari.HikariDataSource - HikariPool-6 - Shutdown initiated... 
2026-05-27 17:31:46.613 [SpringApplicationShutdownHook] INFO  com.zaxxer.hikari.HikariDataSource - HikariPool-6 - Shutdown completed. 
2026-05-27 17:31:50.267 [background-preinit] INFO  org.hibernate.validator.internal.util.Version - HV000001: Hibernate Validator 6.2.5.Final 
2026-05-27 17:31:50.270 [restartedMain] INFO  i.c.platform.thermometer.IoTThermometerApplication - Starting IoTThermometerApplication using Java 1.8.0_432 on Rozenn with PID 36816 (D:\ZK\Cloud\PTProject\iot-thermometer-init\target\classes started by Rozenn03 in D:\ZK\Cloud\PTProject\iot-thermometer-init) 
2026-05-27 17:31:50.270 [restartedMain] INFO  i.c.platform.thermometer.IoTThermometerApplication - No active profile set, falling back to 1 default profile: "default" 
2026-05-27 17:31:50.315 [restartedMain] INFO  o.s.b.d.env.DevToolsPropertyDefaultsPostProcessor - Devtools property defaults active! Set 'spring.devtools.add-properties' to 'false' to disable 
2026-05-27 17:31:50.315 [restartedMain] INFO  o.s.b.d.env.DevToolsPropertyDefaultsPostProcessor - For additional web related logging consider setting the 'logging.level.web' property to 'DEBUG' 
2026-05-27 17:31:50.978 [restartedMain] INFO  o.s.i.c.DefaultConfiguringBeanFactoryPostProcessor - No bean named 'errorChannel' has been explicitly defined. Therefore, a default PublishSubscribeChannel will be created. 
2026-05-27 17:31:50.990 [restartedMain] INFO  o.s.i.c.DefaultConfiguringBeanFactoryPostProcessor - No bean named 'integrationHeaderChannelRegistry' has been explicitly defined. Therefore, a default DefaultHeaderChannelRegistry will be created. 
2026-05-27 17:31:51.232 [restartedMain] INFO  o.s.c.s.PostProcessorRegistrationDelegate$BeanPostProcessorChecker - Bean 'org.springframework.integration.config.IntegrationManagementConfiguration' of type [org.springframework.integration.config.IntegrationManagementConfiguration] is not eligible for getting processed by all BeanPostProcessors (for example: not eligible for auto-proxying) 
2026-05-27 17:31:51.241 [restartedMain] INFO  o.s.c.s.PostProcessorRegistrationDelegate$BeanPostProcessorChecker - Bean 'integrationChannelResolver' of type [org.springframework.integration.support.channel.BeanFactoryChannelResolver] is not eligible for getting processed by all BeanPostProcessors (for example: not eligible for auto-proxying) 
2026-05-27 17:31:51.810 [restartedMain] INFO  o.s.boot.web.embedded.tomcat.TomcatWebServer - Tomcat initialized with port(s): 8100 (http) 
2026-05-27 17:31:51.818 [restartedMain] INFO  org.apache.coyote.http11.Http11NioProtocol - Initializing ProtocolHandler ["http-nio-8100"] 
2026-05-27 17:31:51.818 [restartedMain] INFO  org.apache.catalina.core.StandardService - Starting service [Tomcat] 
2026-05-27 17:31:51.820 [restartedMain] INFO  org.apache.catalina.core.StandardEngine - Starting Servlet engine: [Apache Tomcat/9.0.69] 
2026-05-27 17:31:51.876 [restartedMain] INFO  o.a.c.core.ContainerBase.[Tomcat].[localhost].[/] - Initializing Spring embedded WebApplicationContext 
2026-05-27 17:31:51.878 [restartedMain] INFO  o.s.b.w.s.c.ServletWebServerApplicationContext - Root WebApplicationContext: initialization completed in 1560 ms 
2026-05-27 17:31:52.372 [restartedMain] INFO  iot.cloud.platform.thermometer.config.MqttConfig - 创建mqtt客户端ID:thermometer001 
2026-05-27 17:31:52.393 [restartedMain] INFO  com.zaxxer.hikari.HikariDataSource - HikariPool-1 - Starting... 
2026-05-27 17:31:52.520 [restartedMain] INFO  com.zaxxer.hikari.HikariDataSource - HikariPool-1 - Start completed. 
2026-05-27 17:31:52.558 [restartedMain] INFO  iot.cloud.platform.thermometer.config.MqttConfig - 加入订阅主题->/iot/cloud/devices/post_reply (qos=1) 
2026-05-27 17:31:52.558 [restartedMain] INFO  iot.cloud.platform.thermometer.config.MqttConfig - 加入订阅主题->/iot/cloud/devices/receive (qos=1) 
2026-05-27 17:31:52.558 [restartedMain] INFO  iot.cloud.platform.thermometer.config.MqttConfig - 加入订阅主题->/iot/cloud/devices/post_reply (qos=1) 
2026-05-27 17:31:52.558 [restartedMain] INFO  iot.cloud.platform.thermometer.config.MqttConfig - 加入订阅主题->/iot/cloud/devices/receive (qos=1) 
2026-05-27 17:31:52.563 [restartedMain] INFO  iot.cloud.platform.thermometer.config.MqttConfig - 接收主题->/iot/cloud/devices/receive 响应主题->/iot/cloud/devices/receive_reply 
2026-05-27 17:31:53.000 [restartedMain] INFO  o.s.b.d.autoconfigure.OptionalLiveReloadServer - LiveReload server is running on port 35729 
2026-05-27 17:31:53.123 [restartedMain] INFO  o.s.integration.endpoint.EventDrivenConsumer - Adding {logging-channel-adapter:_org.springframework.integration.errorLogger} as a subscriber to the 'errorChannel' channel 
2026-05-27 17:31:53.123 [restartedMain] INFO  o.s.integration.channel.PublishSubscribeChannel - Channel 'application.errorChannel' has 1 subscriber(s). 
2026-05-27 17:31:53.123 [restartedMain] INFO  o.s.integration.endpoint.EventDrivenConsumer - started bean '_org.springframework.integration.errorLogger' 
2026-05-27 17:31:53.123 [restartedMain] INFO  org.apache.coyote.http11.Http11NioProtocol - Starting ProtocolHandler ["http-nio-8100"] 
2026-05-27 17:31:53.146 [restartedMain] INFO  o.s.boot.web.embedded.tomcat.TomcatWebServer - Tomcat started on port(s): 8100 (http) with context path '' 
2026-05-27 17:31:53.158 [restartedMain] INFO  i.c.platform.thermometer.IoTThermometerApplication - Started IoTThermometerApplication in 3.207 seconds (JVM running for 3.622) 
2026-05-27 17:31:53.161 [restartedMain] INFO  iot.cloud.platform.thermometer.mqtt.MqttConsumer - 初始化并启动mqtt...... 
2026-05-27 17:31:54.732 [restartedMain] INFO  iot.cloud.platform.thermometer.mqtt.MqttConsumer - mqtt连接异常：org.eclipse.paho.client.mqttv3.internal.ExceptionHelper.createMqttException(ExceptionHelper.java:28)
org.eclipse.paho.client.mqttv3.internal.ClientState.notifyReceivedAck(ClientState.java:1053)
org.eclipse.paho.client.mqttv3.internal.CommsReceiver.run(CommsReceiver.java:151)
java.lang.Thread.run(Thread.java:750)
 
2026-05-27 17:31:54.733 [restartedMain] INFO  i.c.platform.thermometer.IoTThermometerApplication - http://localhost:8100/ 
2026-05-27 17:33:24.900 [File Watcher] INFO  o.s.b.d.a.LocalDevToolsAutoConfiguration$RestartingClassPathChangeChangedEventListener - Restarting due to 1 class path change (0 additions, 0 deletions, 1 modification) 
2026-05-27 17:33:25.090 [Thread-6] INFO  org.apache.coyote.http11.Http11NioProtocol - Pausing ProtocolHandler ["http-nio-8100"] 
2026-05-27 17:33:25.090 [Thread-6] INFO  org.apache.catalina.core.StandardService - Stopping service [Tomcat] 
2026-05-27 17:33:25.092 [Thread-6] INFO  org.apache.coyote.http11.Http11NioProtocol - Stopping ProtocolHandler ["http-nio-8100"] 
2026-05-27 17:33:25.094 [Thread-6] INFO  org.apache.coyote.http11.Http11NioProtocol - Destroying ProtocolHandler ["http-nio-8100"] 
2026-05-27 17:33:25.094 [Thread-6] INFO  o.s.integration.endpoint.EventDrivenConsumer - Removing {logging-channel-adapter:_org.springframework.integration.errorLogger} as a subscriber to the 'errorChannel' channel 
2026-05-27 17:33:25.094 [Thread-6] INFO  o.s.integration.channel.PublishSubscribeChannel - Channel 'application.errorChannel' has 0 subscriber(s). 
2026-05-27 17:33:25.095 [Thread-6] INFO  o.s.integration.endpoint.EventDrivenConsumer - stopped bean '_org.springframework.integration.errorLogger' 
2026-05-27 17:33:25.097 [Thread-6] INFO  com.zaxxer.hikari.HikariDataSource - HikariPool-1 - Shutdown initiated... 
2026-05-27 17:33:25.104 [Thread-6] INFO  com.zaxxer.hikari.HikariDataSource - HikariPool-1 - Shutdown completed. 
2026-05-27 17:33:25.230 [restartedMain] INFO  i.c.platform.thermometer.IoTThermometerApplication - Starting IoTThermometerApplication using Java 1.8.0_432 on Rozenn with PID 36816 (D:\ZK\Cloud\PTProject\iot-thermometer-init\target\classes started by Rozenn03 in D:\ZK\Cloud\PTProject\iot-thermometer-init) 
2026-05-27 17:33:25.230 [restartedMain] INFO  i.c.platform.thermometer.IoTThermometerApplication - No active profile set, falling back to 1 default profile: "default" 
2026-05-27 17:33:25.415 [restartedMain] INFO  o.s.i.c.DefaultConfiguringBeanFactoryPostProcessor - No bean named 'errorChannel' has been explicitly defined. Therefore, a default PublishSubscribeChannel will be created. 
2026-05-27 17:33:25.415 [restartedMain] INFO  o.s.i.c.DefaultConfiguringBeanFactoryPostProcessor - No bean named 'integrationHeaderChannelRegistry' has been explicitly defined. Therefore, a default DefaultHeaderChannelRegistry will be created. 
2026-05-27 17:33:25.449 [restartedMain] INFO  o.s.c.s.PostProcessorRegistrationDelegate$BeanPostProcessorChecker - Bean 'org.springframework.integration.config.IntegrationManagementConfiguration' of type [org.springframework.integration.config.IntegrationManagementConfiguration] is not eligible for getting processed by all BeanPostProcessors (for example: not eligible for auto-proxying) 
2026-05-27 17:33:25.450 [restartedMain] INFO  o.s.c.s.PostProcessorRegistrationDelegate$BeanPostProcessorChecker - Bean 'integrationChannelResolver' of type [org.springframework.integration.support.channel.BeanFactoryChannelResolver] is not eligible for getting processed by all BeanPostProcessors (for example: not eligible for auto-proxying) 
2026-05-27 17:33:25.504 [restartedMain] INFO  o.s.boot.web.embedded.tomcat.TomcatWebServer - Tomcat initialized with port(s): 8100 (http) 
2026-05-27 17:33:25.505 [restartedMain] INFO  org.apache.coyote.http11.Http11NioProtocol - Initializing ProtocolHandler ["http-nio-8100"] 
2026-05-27 17:33:25.505 [restartedMain] INFO  org.apache.catalina.core.StandardService - Starting service [Tomcat] 
2026-05-27 17:33:25.505 [restartedMain] INFO  org.apache.catalina.core.StandardEngine - Starting Servlet engine: [Apache Tomcat/9.0.69] 
2026-05-27 17:33:25.532 [restartedMain] INFO  o.a.c.core.ContainerBase.[Tomcat].[localhost].[/] - Initializing Spring embedded WebApplicationContext 
2026-05-27 17:33:25.532 [restartedMain] INFO  o.s.b.w.s.c.ServletWebServerApplicationContext - Root WebApplicationContext: initialization completed in 301 ms 
2026-05-27 17:33:25.616 [restartedMain] INFO  iot.cloud.platform.thermometer.config.MqttConfig - 创建mqtt客户端ID:thermometer001 
2026-05-27 17:33:25.620 [restartedMain] INFO  com.zaxxer.hikari.HikariDataSource - HikariPool-2 - Starting... 
2026-05-27 17:33:25.625 [restartedMain] INFO  com.zaxxer.hikari.HikariDataSource - HikariPool-2 - Start completed. 
2026-05-27 17:33:25.628 [restartedMain] INFO  iot.cloud.platform.thermometer.config.MqttConfig - 加入订阅主题->/iot/cloud/devices/post_reply (qos=1) 
2026-05-27 17:33:25.628 [restartedMain] INFO  iot.cloud.platform.thermometer.config.MqttConfig - 加入订阅主题->/iot/cloud/devices/receive (qos=1) 
2026-05-27 17:33:25.629 [restartedMain] INFO  iot.cloud.platform.thermometer.config.MqttConfig - 加入订阅主题->/iot/cloud/devices/post_reply (qos=1) 
2026-05-27 17:33:25.629 [restartedMain] INFO  iot.cloud.platform.thermometer.config.MqttConfig - 加入订阅主题->/iot/cloud/devices/receive (qos=1) 
2026-05-27 17:33:25.635 [restartedMain] INFO  iot.cloud.platform.thermometer.config.MqttConfig - 接收主题->/iot/cloud/devices/receive 响应主题->/iot/cloud/devices/receive_reply 
2026-05-27 17:33:25.749 [restartedMain] INFO  o.s.b.d.autoconfigure.OptionalLiveReloadServer - LiveReload server is running on port 35729 
2026-05-27 17:33:25.765 [restartedMain] INFO  o.s.integration.endpoint.EventDrivenConsumer - Adding {logging-channel-adapter:_org.springframework.integration.errorLogger} as a subscriber to the 'errorChannel' channel 
2026-05-27 17:33:25.765 [restartedMain] INFO  o.s.integration.channel.PublishSubscribeChannel - Channel 'application.errorChannel' has 1 subscriber(s). 
2026-05-27 17:33:25.765 [restartedMain] INFO  o.s.integration.endpoint.EventDrivenConsumer - started bean '_org.springframework.integration.errorLogger' 
2026-05-27 17:33:25.765 [restartedMain] INFO  org.apache.coyote.http11.Http11NioProtocol - Starting ProtocolHandler ["http-nio-8100"] 
2026-05-27 17:33:25.769 [restartedMain] INFO  o.s.boot.web.embedded.tomcat.TomcatWebServer - Tomcat started on port(s): 8100 (http) with context path '' 
2026-05-27 17:33:25.773 [restartedMain] INFO  i.c.platform.thermometer.IoTThermometerApplication - Started IoTThermometerApplication in 0.567 seconds (JVM running for 96.235) 
2026-05-27 17:33:25.774 [restartedMain] INFO  iot.cloud.platform.thermometer.mqtt.MqttConsumer - 初始化并启动mqtt...... 
2026-05-27 17:33:29.872 [restartedMain] INFO  iot.cloud.platform.thermometer.mqtt.MqttConsumer - mqtt连接异常：org.eclipse.paho.client.mqttv3.internal.TCPNetworkModule.start(TCPNetworkModule.java:80)
org.eclipse.paho.client.mqttv3.internal.ClientComms$ConnectBG.run(ClientComms.java:724)
java.lang.Thread.run(Thread.java:750)
 
2026-05-27 17:33:29.875 [restartedMain] INFO  o.s.b.d.a.ConditionEvaluationDeltaLoggingListener - Condition evaluation unchanged 
2026-05-27 17:33:29.875 [restartedMain] INFO  i.c.platform.thermometer.IoTThermometerApplication - http://localhost:8100/ 
2026-05-27 17:34:28.920 [SpringApplicationShutdownHook] INFO  o.s.integration.endpoint.EventDrivenConsumer - Removing {logging-channel-adapter:_org.springframework.integration.errorLogger} as a subscriber to the 'errorChannel' channel 
2026-05-27 17:34:28.921 [SpringApplicationShutdownHook] INFO  o.s.integration.channel.PublishSubscribeChannel - Channel 'application.errorChannel' has 0 subscriber(s). 
2026-05-27 17:34:28.921 [SpringApplicationShutdownHook] INFO  o.s.integration.endpoint.EventDrivenConsumer - stopped bean '_org.springframework.integration.errorLogger' 
2026-05-27 17:34:28.923 [SpringApplicationShutdownHook] INFO  com.zaxxer.hikari.HikariDataSource - HikariPool-2 - Shutdown initiated... 
2026-05-27 17:34:28.927 [SpringApplicationShutdownHook] INFO  com.zaxxer.hikari.HikariDataSource - HikariPool-2 - Shutdown completed. 
2026-05-27 17:34:57.071 [background-preinit] INFO  org.hibernate.validator.internal.util.Version - HV000001: Hibernate Validator 6.2.5.Final 
2026-05-27 17:34:57.075 [restartedMain] INFO  i.c.platform.thermometer.IoTThermometerApplication - Starting IoTThermometerApplication using Java 1.8.0_432 on Rozenn with PID 27548 (D:\ZK\Cloud\PTProject\iot-thermometer-init\target\classes started by Rozenn03 in D:\ZK\Cloud\PTProject\iot-thermometer-init) 
2026-05-27 17:34:57.076 [restartedMain] INFO  i.c.platform.thermometer.IoTThermometerApplication - No active profile set, falling back to 1 default profile: "default" 
2026-05-27 17:34:57.121 [restartedMain] INFO  o.s.b.d.env.DevToolsPropertyDefaultsPostProcessor - Devtools property defaults active! Set 'spring.devtools.add-properties' to 'false' to disable 
2026-05-27 17:34:57.121 [restartedMain] INFO  o.s.b.d.env.DevToolsPropertyDefaultsPostProcessor - For additional web related logging consider setting the 'logging.level.web' property to 'DEBUG' 
2026-05-27 17:34:57.778 [restartedMain] INFO  o.s.i.c.DefaultConfiguringBeanFactoryPostProcessor - No bean named 'errorChannel' has been explicitly defined. Therefore, a default PublishSubscribeChannel will be created. 
2026-05-27 17:34:57.788 [restartedMain] INFO  o.s.i.c.DefaultConfiguringBeanFactoryPostProcessor - No bean named 'integrationHeaderChannelRegistry' has been explicitly defined. Therefore, a default DefaultHeaderChannelRegistry will be created. 
2026-05-27 17:34:58.032 [restartedMain] INFO  o.s.c.s.PostProcessorRegistrationDelegate$BeanPostProcessorChecker - Bean 'org.springframework.integration.config.IntegrationManagementConfiguration' of type [org.springframework.integration.config.IntegrationManagementConfiguration] is not eligible for getting processed by all BeanPostProcessors (for example: not eligible for auto-proxying) 
2026-05-27 17:34:58.042 [restartedMain] INFO  o.s.c.s.PostProcessorRegistrationDelegate$BeanPostProcessorChecker - Bean 'integrationChannelResolver' of type [org.springframework.integration.support.channel.BeanFactoryChannelResolver] is not eligible for getting processed by all BeanPostProcessors (for example: not eligible for auto-proxying) 
2026-05-27 17:34:58.592 [restartedMain] INFO  o.s.boot.web.embedded.tomcat.TomcatWebServer - Tomcat initialized with port(s): 8100 (http) 
2026-05-27 17:34:58.602 [restartedMain] INFO  org.apache.coyote.http11.Http11NioProtocol - Initializing ProtocolHandler ["http-nio-8100"] 
2026-05-27 17:34:58.602 [restartedMain] INFO  org.apache.catalina.core.StandardService - Starting service [Tomcat] 
2026-05-27 17:34:58.602 [restartedMain] INFO  org.apache.catalina.core.StandardEngine - Starting Servlet engine: [Apache Tomcat/9.0.69] 
2026-05-27 17:34:58.664 [restartedMain] INFO  o.a.c.core.ContainerBase.[Tomcat].[localhost].[/] - Initializing Spring embedded WebApplicationContext 
2026-05-27 17:34:58.664 [restartedMain] INFO  o.s.b.w.s.c.ServletWebServerApplicationContext - Root WebApplicationContext: initialization completed in 1543 ms 
2026-05-27 17:34:59.154 [restartedMain] INFO  iot.cloud.platform.thermometer.config.MqttConfig - 创建mqtt客户端ID:thermometer001 
2026-05-27 17:34:59.176 [restartedMain] INFO  com.zaxxer.hikari.HikariDataSource - HikariPool-1 - Starting... 
2026-05-27 17:34:59.310 [restartedMain] INFO  com.zaxxer.hikari.HikariDataSource - HikariPool-1 - Start completed. 
2026-05-27 17:34:59.349 [restartedMain] INFO  iot.cloud.platform.thermometer.config.MqttConfig - 加入订阅主题->/iot/cloud/devices/post_reply (qos=1) 
2026-05-27 17:34:59.350 [restartedMain] INFO  iot.cloud.platform.thermometer.config.MqttConfig - 加入订阅主题->/iot/cloud/devices/receive (qos=1) 
2026-05-27 17:34:59.350 [restartedMain] INFO  iot.cloud.platform.thermometer.config.MqttConfig - 加入订阅主题->/iot/cloud/devices/post_reply (qos=1) 
2026-05-27 17:34:59.350 [restartedMain] INFO  iot.cloud.platform.thermometer.config.MqttConfig - 加入订阅主题->/iot/cloud/devices/receive (qos=1) 
2026-05-27 17:34:59.354 [restartedMain] INFO  iot.cloud.platform.thermometer.config.MqttConfig - 接收主题->/iot/cloud/devices/receive 响应主题->/iot/cloud/devices/receive_reply 
2026-05-27 17:34:59.792 [restartedMain] INFO  o.s.b.d.autoconfigure.OptionalLiveReloadServer - LiveReload server is running on port 35729 
2026-05-27 17:34:59.920 [restartedMain] INFO  o.s.integration.endpoint.EventDrivenConsumer - Adding {logging-channel-adapter:_org.springframework.integration.errorLogger} as a subscriber to the 'errorChannel' channel 
2026-05-27 17:34:59.921 [restartedMain] INFO  o.s.integration.channel.PublishSubscribeChannel - Channel 'application.errorChannel' has 1 subscriber(s). 
2026-05-27 17:34:59.921 [restartedMain] INFO  o.s.integration.endpoint.EventDrivenConsumer - started bean '_org.springframework.integration.errorLogger' 
2026-05-27 17:34:59.922 [restartedMain] INFO  org.apache.coyote.http11.Http11NioProtocol - Starting ProtocolHandler ["http-nio-8100"] 
2026-05-27 17:34:59.945 [restartedMain] INFO  o.s.boot.web.embedded.tomcat.TomcatWebServer - Tomcat started on port(s): 8100 (http) with context path '' 
2026-05-27 17:34:59.957 [restartedMain] INFO  i.c.platform.thermometer.IoTThermometerApplication - Started IoTThermometerApplication in 3.195 seconds (JVM running for 3.61) 
2026-05-27 17:34:59.959 [restartedMain] INFO  iot.cloud.platform.thermometer.mqtt.MqttConsumer - 初始化并启动mqtt...... 
2026-05-27 17:35:04.047 [restartedMain] INFO  iot.cloud.platform.thermometer.mqtt.MqttConsumer - mqtt连接异常：org.eclipse.paho.client.mqttv3.internal.TCPNetworkModule.start(TCPNetworkModule.java:80)
org.eclipse.paho.client.mqttv3.internal.ClientComms$ConnectBG.run(ClientComms.java:724)
java.lang.Thread.run(Thread.java:750)
 
2026-05-27 17:35:04.048 [restartedMain] INFO  i.c.platform.thermometer.IoTThermometerApplication - http://localhost:8100/ 
2026-05-27 17:35:09.590 [http-nio-8100-exec-1] INFO  o.a.c.core.ContainerBase.[Tomcat].[localhost].[/] - Initializing Spring DispatcherServlet 'dispatcherServlet' 
2026-05-27 17:35:09.590 [http-nio-8100-exec-1] INFO  org.springframework.web.servlet.DispatcherServlet - Initializing Servlet 'dispatcherServlet' 
2026-05-27 17:35:09.591 [http-nio-8100-exec-1] INFO  org.springframework.web.servlet.DispatcherServlet - Completed initialization in 1 ms 
2026-05-27 18:38:07.088 [SpringApplicationShutdownHook] INFO  o.s.integration.endpoint.EventDrivenConsumer - Removing {logging-channel-adapter:_org.springframework.integration.errorLogger} as a subscriber to the 'errorChannel' channel 
2026-05-27 18:38:07.088 [SpringApplicationShutdownHook] INFO  o.s.integration.channel.PublishSubscribeChannel - Channel 'application.errorChannel' has 0 subscriber(s). 
2026-05-27 18:38:07.088 [SpringApplicationShutdownHook] INFO  o.s.integration.endpoint.EventDrivenConsumer - stopped bean '_org.springframework.integration.errorLogger' 
2026-05-27 18:38:07.091 [SpringApplicationShutdownHook] INFO  com.zaxxer.hikari.HikariDataSource - HikariPool-1 - Shutdown initiated... 
2026-05-27 18:38:07.097 [SpringApplicationShutdownHook] INFO  com.zaxxer.hikari.HikariDataSource - HikariPool-1 - Shutdown completed. 
